 [
    {
        "name": "高一男子组 100米 预赛",
        "players": [
            [
                { "road": "1", "name": "李宥熹", "data": "-", "class": "" },
                { "road": "2", "name": "丘天",  "data": "-", "class": "" },
                { "road": "3", "name": "林柏喆", "data": "-", "class": "" },
                { "road": "4", "name": "毛盾", "data": "-", "class": "" },
                { "road": "5", "name": "张哲豪", "data": "-", "class": "" },
                { "road": "6", "name": "陈哲锐", "data": "-", "class": "" }


            ],
            
            [
                { "road": "1", "name": "林琢程", "data": "-", "class": "" },
                { "road": "2", "name": "王墨迪", "data": "-", "class": "" },
                { "road": "3", "name": "吴博晗", "data": "-", "class": "" },
                { "road": "4", "name": "林焌豪", "data": "-", "class": "" },
                { "road": "5", "name": "黄家兴", "data": "-", "class": "" },
                { "road": "6", "name": "程志滔", "data": "-", "class": "" }

            ],
            
            [
                { "road": "1", "name": "陈睿哲", "data": "-", "class": "" },
                { "road": "2", "name": "林俊炜", "data": "-", "class": "" },
                { "road": "3", "name": "张艺哲", "data": "-", "class": "" },
                { "road": "4", "name": "刘凯烨", "data": "-", "class": "" },
                { "road": "5", "name": "孙永昊", "data": "-", "class": "" },
                { "road": "6", "name": "卢隽祺", "data": "-", "class": "" }

            ],
            
            [
                { "road": "1", "name": "陈天骏", "data": "-", "class": "" },
                { "road": "2", "name": "陈浩桐", "data": "-", "class": "" },
                { "road": "3", "name": "郑浩霖", "data": "-", "class": "" },
                { "road": "4", "name": "祝超", "data": "-", "class": "" },
                { "road": "5", "name": "黄越", "data": "-", "class": "" },
                { "road": "6", "name": "简熙涵", "data": "-", "class": "" }

            ],
            
            [
                { "road": "1", "name": "江星毅", "data": "-", "class": "" },
                { "road": "2", "name": "许皓珉", "data": "-", "class": "" },
                { "road": "3", "name": "蔡宸轩", "data": "-", "class": "" },
                { "road": "4", "name": "鄢润涛", "data": "-", "class": "" },
                { "road": "5", "name": "温泽睿", "data": "-", "class": "" },
                { "road": "6", "name": "程德华", "data": "-", "class": "" }

            ],
            
            [
                { "road": "1", "name": "林昕豪", "data": "-", "class": "" },
                { "road": "2", "name": "严旭辉", "data": "-", "class": "" },
                { "road": "3", "name": "陈柏延", "data": "-", "class": "" },
                { "road": "4", "name": "林乔木", "data": "-", "class": "" },
                { "road": "5", "name": "陈于思", "data": "-", "class": "" }

            ]
        ]

    },


    {
        "name": "高一女子组 100米 预赛",
        "players": [
            
            [
                { "road": "1", "name": "王嘉颖", "data": "-", "class": "" },
                { "road": "2", "name": "吴芷静",  "data": "-", "class": "" },
                { "road": "3", "name": "李欣妍", "data": "-", "class": "" },
                { "road": "4", "name": "邓艺焓", "data": "-", "class": "" },
                { "road": "5", "name": "郭芮涵", "data": "-", "class": "" }


            ],
            
            [
                { "road": "1", "name": "许芸菲", "data": "-", "class": "" },
                { "road": "2", "name": "陈若汐", "data": "-", "class": "" },
                { "road": "3", "name": "傅诗雨", "data": "-", "class": "" },
                { "road": "4", "name": "张钰婕", "data": "-", "class": "" },
                { "road": "5", "name": "李惟朵", "data": "-", "class": "" }

            ],
            
            [
                { "road": "1", "name": "陈语砚", "data": "-", "class": "" },
                { "road": "2", "name": "郑昕彤", "data": "-", "class": "" },
                { "road": "3", "name": "林子涵", "data": "-", "class": "" },
                { "road": "4", "name": "吴佳雯", "data": "-", "class": "" },
                { "road": "5", "name": "吴紫玲", "data": "-", "class": "" }

            ],
            
            [
                { "road": "1", "name": "null", "data": "-", "class": "" },
                { "road": "2", "name": "吕怡闽", "data": "-", "class": "" },
                { "road": "3", "name": "许思铭", "data": "-", "class": "" },
                { "road": "4", "name": "张妍", "data": "-", "class": "" },
                { "road": "5", "name": "朱锦华", "data": "-", "class": "" }

            ]
        ]

    },


    {
        "name": "高二男子组 100米 预赛",
        "players": [
            
            [
                { "road": "1", "name": "李智昕", "data": "-", "class": "" },
                { "road": "2", "name": "倪睿康",  "data": "-", "class": "" },
                { "road": "3", "name": "郑斯腾", "data": "-", "class": "" },
                { "road": "4", "name": "王奕钱", "data": "-", "class": "" },
                { "road": "5", "name": "王新琳", "data": "-", "class": "" },
                { "road": "6", "name": "许宸硕", "data": "-", "class": "" }


            ],
            
            [
                { "road": "1", "name": "黄宏彬", "data": "-", "class": "" },
                { "road": "2", "name": "薛柏炀", "data": "-", "class": "" },
                { "road": "3", "name": "卓景华", "data": "-", "class": "" },
                { "road": "4", "name": "陈子豪", "data": "-", "class": "" },
                { "road": "5", "name": "周胤霖", "data": "-", "class": "" },
                { "road": "6", "name": "陈泽也", "data": "-", "class": "" }

            ],
            
            [
                { "road": "1", "name": "曾炜峰", "data": "-", "class": "" },
                { "road": "2", "name": "陈诺霖", "data": "-", "class": "" },
                { "road": "3", "name": "陈杰奇", "data": "-", "class": "" },
                { "road": "4", "name": "陈子睿", "data": "-", "class": "" },
                { "road": "5", "name": "王嘉鑫", "data": "-", "class": "" }

            ],
            
            [
                { "road": "1", "name": "王辰楠", "data": "-", "class": "" },
                { "road": "2", "name": "李德曦", "data": "-", "class": "" },
                { "road": "3", "name": "黄润锋", "data": "-", "class": "" },
                { "road": "4", "name": "倪炙轩", "data": "-", "class": "" },
                { "road": "5", "name": "林俊卓", "data": "-", "class": "" }
            ]
        ]

    },

    {
        "name": "高二女子组 100米 预赛",
        "players": [
            
            [
                { "road": "1", "name": "沈金茹", "data": "-", "class": "" },
                { "road": "2", "name": "陈昱涵",  "data": "-", "class": "" },
                { "road": "3", "name": "林玥言", "data": "-", "class": "" },
                { "road": "4", "name": "潘乔欣", "data": "-", "class": "" },
                { "road": "5", "name": "上官梦媛", "data": "-", "class": "" },
                { "road": "6", "name": "黄芊梦", "data": "-", "class": "" }


            ],
            
            [
                { "road": "1", "name": "叶铭慧", "data": "-", "class": "" },
                { "road": "2", "name": "林梦琦", "data": "-", "class": "" },
                { "road": "3", "name": "傅秋阳", "data": "-", "class": "" },
                { "road": "4", "name": "陈韫琪", "data": "-", "class": "" },
                { "road": "5", "name": "郑羽桐", "data": "-", "class": "" }

            ],
            
            [
                { "road": "1", "name": "邓予翕", "data": "-", "class": "" },
                { "road": "2", "name": "许佳琳", "data": "-", "class": "" },
                { "road": "3", "name": "宋全美", "data": "-", "class": "" },
                { "road": "4", "name": "吴钧琳", "data": "-", "class": "" },
                { "road": "5", "name": "薛雯萱", "data": "-", "class": "" }

            ]
        ]

    },

    {
        "name": "高三男子组 100米 预赛",
        "players": [
            
            [
                { "road": "1", "name": "王垚彬", "data": "-", "class": "" },
                { "road": "2", "name": "李晨",  "data": "-", "class": "" },
                { "road": "3", "name": "黄家铭", "data": "-", "class": "" },
                { "road": "4", "name": "柯南", "data": "-", "class": "" },
                { "road": "5", "name": "卢锐羽", "data": "-", "class": "" },
                { "road": "6", "name": "胡致昊", "data": "-", "class": "" }


            ],
            
            [
                { "road": "1", "name": "林涛", "data": "-", "class": "" },
                { "road": "2", "name": "许翔", "data": "-", "class": "" },
                { "road": "3", "name": "魏楷燃", "data": "-", "class": "" },
                { "road": "4", "name": "刘正枨", "data": "-", "class": "" },
                { "road": "5", "name": "潘熙阳", "data": "-", "class": "" },
                { "road": "6", "name": "陈俊懋", "data": "-", "class": "" }

            ],
            
            [
                { "road": "1", "name": "周佳锜", "data": "-", "class": "" },
                { "road": "2", "name": "倪正行", "data": "-", "class": "" },
                { "road": "3", "name": "何其乐", "data": "-", "class": "" },
                { "road": "4", "name": "章志瀚", "data": "-", "class": "" },
                { "road": "5", "name": "王楚彬", "data": "-", "class": "" },
                { "road": "6", "name": "陈冠泽", "data": "-", "class": "" }

            ]
        ]

    },

    {
        "name": "高三女子组 100米 预赛",
        "players": [
            
            [
                { "road": "1", "name": "蓝越", "data": "-", "class": "" },
                { "road": "2", "name": "林鑫淼",  "data": "-", "class": "" },
                { "road": "3", "name": "刘以茉", "data": "-", "class": "" },
                { "road": "4", "name": "张思琪", "data": "-", "class": "" },
                { "road": "5", "name": "林南希", "data": "-", "class": "" }


            ],
            
            [
                { "road": "1", "name": "詹雨涵", "data": "-", "class": "" },
                { "road": "2", "name": "黄慧函", "data": "-", "class": "" },
                { "road": "3", "name": "郭锦雯", "data": "-", "class": "" },
                { "road": "4", "name": "郑佳怡", "data": "-", "class": "" },
                { "road": "5", "name": "林佳梦", "data": "-", "class": "" }
            ]
        ]

    },


    {
        "name": "高一男子组 400米 预决赛",
        "players": [
            
            [
                { "road": "1", "name": "陈博林", "data": "-", "class": "" },
                { "road": "2", "name": "林子睿",  "data": "-", "class": "" },
                { "road": "3", "name": "范睿图", "data": "-", "class": "" },
                { "road": "4", "name": "吴尚泽", "data": "-", "class": "" },
                { "road": "5", "name": "陈建希", "data": "-", "class": "" },
                { "road": "6", "name": "黄宏懿", "data": "-", "class": "" }


            ],
            
            [
                { "road": "1", "name": "黄佳楷", "data": "-", "class": "" },
                { "road": "2", "name": "王家淇", "data": "-", "class": "" },
                { "road": "3", "name": "雷盛霖", "data": "-", "class": "" },
                { "road": "4", "name": "陈晋赫", "data": "-", "class": "" },
                { "road": "5", "name": "张宏勋", "data": "-", "class": "" },
                { "road": "6", "name": "孙永昊", "data": "-", "class": "" }
            ],
            
            [
                { "road": "1", "name": "雷友涵", "data": "-", "class": "" },
                { "road": "2", "name": "林锦灿", "data": "-", "class": "" },
                { "road": "3", "name": "程志滔", "data": "-", "class": "" },
                { "road": "4", "name": "李宗道", "data": "-", "class": "" },
                { "road": "5", "name": "郑详淏", "data": "-", "class": "" }
            ],
            
            [
                { "road": "1", "name": "黄守鑫", "data": "-", "class": "" },
                { "road": "2", "name": "刘赋洋", "data": "-", "class": "" },
                { "road": "3", "name": "洪安晟", "data": "-", "class": "" },
                { "road": "4", "name": "柯咏浩", "data": "-", "class": "" },
                { "road": "5", "name": "陈星池", "data": "-", "class": "" }
            ],

            
            [
                { "road": "1", "name": "林昕豪", "data": "-", "class": "" },
                { "road": "2", "name": "兰恩奇", "data": "-", "class": "" },
                { "road": "3", "name": "唐家林", "data": "-", "class": "" },
                { "road": "4", "name": "蔡宜硕", "data": "-", "class": "" },
                { "road": "5", "name": "陈浩桐", "data": "-", "class": "" }
            ]
        ]

    },

    {
        "name": "高一女子组 400米 预决赛",
        "players": [
            
            [
                { "road": "2", "name": "洪之暄",  "data": "-", "class": "" },
                { "road": "3", "name": "朱锦洁", "data": "-", "class": "" },
                { "road": "4", "name": "唐煊", "data": "-", "class": "" },
                { "road": "5", "name": "陈笑潇", "data": "-", "class": "" }

            ],
            
            [
                { "road": "2", "name": "付锦蕾", "data": "-", "class": "" },
                { "road": "3", "name": "张钰婕", "data": "-", "class": "" },
                { "road": "4", "name": "沈钰涵", "data": "-", "class": "" },
                { "road": "5", "name": "陈羽祺", "data": "-", "class": "" }
            ]
        ]

    },

    {
        "name": "高二男子组 400米 预决赛",
        "players": [
            
            [
                { "road": "1", "name": "卓景华", "data": "-", "class": "" },
                { "road": "2", "name": "方宇辰",  "data": "-", "class": "" },
                { "road": "3", "name": "欧阳行远", "data": "-", "class": "" },
                { "road": "4", "name": "林俊卓", "data": "-", "class": "" },
                { "road": "5", "name": "严文章", "data": "-", "class": "" }

            ],
            
            [
                { "road": "1", "name": "王嘉鑫", "data": "-", "class": "" },
                { "road": "2", "name": "阙锦彬", "data": "-", "class": "" },
                { "road": "3", "name": "李德曦", "data": "-", "class": "" },
                { "road": "4", "name": "周胤霖", "data": "-", "class": "" },
                { "road": "5", "name": "朱建波", "data": "-", "class": "" }
            ]

        ]

    },

    {
        "name": "高二女子组 400米 预决赛",
        "players": [
            
            [
                { "road": "2", "name": "鲍妍宇",  "data": "-", "class": "" },
                { "road": "3", "name": "邹羽佳", "data": "-", "class": "" },
                { "road": "4", "name": "关瑞涛", "data": "-", "class": "" },
                { "road": "5", "name": "黄梦雪", "data": "-", "class": "" }

            ]
            
        ]

    },

    {
        "name": "高三男子组 400米 预决赛",
        "players": [
            
            [
                { "road": "1", "name": "刘家祺", "data": "-", "class": "" },
                { "road": "2", "name": "胡序言",  "data": "-", "class": "" },
                { "road": "3", "name": "徐佳康", "data": "-", "class": "" },
                { "road": "4", "name": "陈俊懋", "data": "-", "class": "" },
                { "road": "5", "name": "林健波", "data": "-", "class": "" }

            ],
            
            [
                { "road": "1", "name": "曾子瀚", "data": "-", "class": "" },
                { "road": "2", "name": "丁跃翔", "data": "-", "class": "" },
                { "road": "3", "name": "黄宇轩", "data": "-", "class": "" },
                { "road": "4", "name": "伊圣航", "data": "-", "class": "" },
                { "road": "5", "name": "陈翊", "data": "-", "class": "" }
            ],
            
            [
                { "road": "2", "name": "宋智闻", "data": "-", "class": "" },
                { "road": "3", "name": "傅博文", "data": "-", "class": "" },
                { "road": "4", "name": "李晨", "data": "-", "class": "" },
                { "road": "5", "name": "刘旭睿", "data": "-", "class": "" }
            ]
        ]

    },

    {
        "name": "高三女子组 400米 预决赛",
        "players": [
            
            [
                { "road": "1", "name": "郑亦婷", "data": "-", "class": "" },
                { "road": "2", "name": "朱枢弋",  "data": "-", "class": "" },
                { "road": "3", "name": "梁心妍", "data": "-", "class": "" },
                { "road": "4", "name": "戴月宸", "data": "-", "class": "" },
                { "road": "5", "name": "廖珊妮", "data": "-", "class": "" }

            ]
        ]

    },

    {
        "name": "高一男子组 跳高 预决赛",
        "players": [
            
            [
                { "road": "1", "name": "翁子涵", "data": "-", "class": "" },
                { "road": "2", "name": "林宇轩",  "data": "-", "class": "" },
                { "road": "3", "name": "李君恒", "data": "-", "class": "" },
                { "road": "4", "name": "唐家林", "data": "-", "class": "" },
                { "road": "5", "name": "周榕浠", "data": "-", "class": "" },
                { "road": "6", "name": "潘文杰", "data": "-", "class": "" },

                { "road": "7", "name": "李浩宇", "data": "-", "class": "" },
                { "road": "8", "name": "陈博林", "data": "-", "class": "" },
                { "road": "9", "name": "陈哲锐", "data": "-", "class": "" },
                { "road": "10", "name": "蔡逸飞", "data": "-", "class": "" },
                { "road": "11", "name": "付隆倪", "data": "-", "class": "" },
                { "road": "12", "name": "林子涵", "data": "-", "class": "" },

                { "road": "13", "name": "王跃翔", "data": "-", "class": "" },
                { "road": "14", "name": "林宇翔", "data": "-", "class": "" },
                { "road": "15", "name": "黄梓翔", "data": "-", "class": "" },
                { "road": "16", "name": "陈诺林", "data": "-", "class": "" },
                { "road": "17", "name": "林志丰", "data": "-", "class": "" },
                { "road": "18", "name": "陈冕", "data": "-", "class": "" },

                { "road": "19", "name": "周晨", "data": "-", "class": "" },
                { "road": "20", "name": "余根恺", "data": "-", "class": "" }

            ]


        ]

    },

    {
        "name": "高三女子组 跳远 预决赛",
        "players": [
            
            [
                { "road": "1", "name": "周曼馨", "data": "-", "class": "" },
                { "road": "2", "name": "魏佳仪",  "data": "-", "class": "" },
                { "road": "3", "name": "黄可丰", "data": "-", "class": "" },
                { "road": "4", "name": "林佳梦", "data": "-", "class": "" },
                { "road": "5", "name": "林姿彤", "data": "-", "class": "" },
                { "road": "6", "name": "林晓晗", "data": "-", "class": "" },

                { "road": "7", "name": "林妍", "data": "-", "class": "" },
                { "road": "8", "name": "张译丹", "data": "-", "class": "" },
                { "road": "9", "name": "郑佳怡", "data": "-", "class": "" },
                { "road": "10", "name": "刘心一", "data": "-", "class": "" },
                { "road": "11", "name": "黄雅淳", "data": "-", "class": "" },
                { "road": "12", "name": "林昕怡", "data": "-", "class": "" }

            ]


        ]

    },

    {
        "name": "高三女子 跳远 预决赛",
        "players": [
            
            [
                { "road": "1", "name": "周曼馨", "data": "-", "class": "" },
                { "road": "2", "name": "魏佳仪",  "data": "-", "class": "" },
                { "road": "3", "name": "黄可丰", "data": "-", "class": "" },
                { "road": "4", "name": "林佳梦", "data": "-", "class": "" },
                { "road": "5", "name": "林姿彤", "data": "-", "class": "" },
                { "road": "6", "name": "林晓晗", "data": "-", "class": "" },

                { "road": "7", "name": "林妍", "data": "-", "class": "" },
                { "road": "8", "name": "张译丹", "data": "-", "class": "" },
                { "road": "9", "name": "郑佳怡", "data": "-", "class": "" },
                { "road": "10", "name": "刘心一", "data": "-", "class": "" },
                { "road": "11", "name": "黄雅淳", "data": "-", "class": "" },
                { "road": "12", "name": "林昕怡", "data": "-", "class": "" }

            ]


        ]

    },


    {
        "name": "高二男子组 三级跳远 预决赛",
        "players": [
            
            [
                { "road": "1", "name": "洪彦彬", "data": "-", "class": "" },
                { "road": "2", "name": "李隆琨",  "data": "-", "class": "" },
                { "road": "3", "name": "杨展滔", "data": "-", "class": "" },
                { "road": "4", "name": "张熙", "data": "-", "class": "" },
                { "road": "5", "name": "郑哲恺", "data": "-", "class": "" },
                { "road": "6", "name": "叶铭垚", "data": "-", "class": "" },

                { "road": "7", "name": "陈禹锟", "data": "-", "class": "" },
                { "road": "8", "name": "郑宇轩", "data": "-", "class": "" },
                { "road": "9", "name": "刘宸睿", "data": "-", "class": "" },
                { "road": "10", "name": "龚正轩", "data": "-", "class": "" },
                { "road": "11", "name": "陈伟豪", "data": "-", "class": "" },
                { "road": "12", "name": "康纹夺", "data": "-", "class": "" },

                { "road": "13", "name": "肖杨", "data": "-", "class": "" },
                { "road": "14", "name": "李浩轩", "data": "-", "class": "" },
                { "road": "15", "name": "孙铭辰", "data": "-", "class": "" },
                { "road": "16", "name": "王俊阳", "data": "-", "class": "" }

            ]


        ]

    },

    {
        "name": "高三男子组 三级跳远 预决赛",
        "players": [
            
            [
                { "road": "1", "name": "宋智闻", "data": "-", "class": "" },
                { "road": "2", "name": "朱李行正",  "data": "-", "class": "" },
                { "road": "3", "name": "李亦轩", "data": "-", "class": "" },
                { "road": "4", "name": "翁财旭", "data": "-", "class": "" },
                { "road": "5", "name": "江皓然", "data": "-", "class": "" },
                { "road": "6", "name": "庄原", "data": "-", "class": "" },

                { "road": "7", "name": "丁跃翔", "data": "-", "class": "" },
                { "road": "8", "name": "陈冠华", "data": "-", "class": "" },
                { "road": "9", "name": "束云飞", "data": "-", "class": "" },
                { "road": "10", "name": "林羿鸣", "data": "-", "class": "" },
                { "road": "11", "name": "张书剑", "data": "-", "class": "" },
                { "road": "12", "name": "魏廷", "data": "-", "class": "" },

                { "road": "13", "name": "付祺宇", "data": "-", "class": "" },
                { "road": "14", "name": "姜伟鹏", "data": "-", "class": "" },
                { "road": "15", "name": "吴柏函", "data": "-", "class": "" },
                { "road": "16", "name": "林健波", "data": "-", "class": "" },
                { "road": "17", "name": "肖学勋", "data": "-", "class": "" },
                { "road": "18", "name": "严承天", "data": "-", "class": "" },

                { "road": "19", "name": "张弘毅", "data": "-", "class": "" },
                { "road": "20", "name": "陈子利", "data": "-", "class": "" }

            ]


        ]

    },

    {
        "name": "高一女子 铅球 预决赛",
        "players": [
            
            [
                { "road": "1", "name": "胡久莉", "data": "-", "class": "" },
                { "road": "2", "name": "林子涵",  "data": "-", "class": "" },
                { "road": "3", "name": "程诺", "data": "-", "class": "" },
                { "road": "4", "name": "郑偌霖", "data": "-", "class": "" },
                { "road": "5", "name": "罗熠晨", "data": "-", "class": "" },
                { "road": "6", "name": "樊雨萱", "data": "-", "class": "" },

                { "road": "7", "name": "邱语", "data": "-", "class": "" },
                { "road": "8", "name": "邱嘉煜", "data": "-", "class": "" },
                { "road": "9", "name": "黄琦雯", "data": "-", "class": "" },
                { "road": "10", "name": "易姝瑶", "data": "-", "class": "" },
                { "road": "11", "name": "谢烨萱", "data": "-", "class": "" },
                { "road": "12", "name": "程亦孜", "data": "-", "class": "" }


            ]


        ]

    },

                                    

    {
        "name": "高一男子组 100米 决赛",
        "players": [
            [
                {"road": "1", "name": "", "data": "-", "class": ""},
                {"road": "2", "name": "", "data": "-", "class": ""},
                {"road": "3", "name": "", "data": "-", "class": ""},
                {"road": "4", "name": "", "data": "-", "class": ""},
                {"road": "5", "name": "", "data": "-", "class": ""},
                {"road": "6", "name": "", "data": "-", "class": ""}

            ]
        ]
    },

    {
        "name": "高一女子组 100米 决赛",
        "players": [
            [
                {"road": "1", "name": "", "data": "-", "class": ""},
                {"road": "2", "name": "", "data": "-", "class": ""},
                {"road": "3", "name": "", "data": "-", "class": ""},
                {"road": "4", "name": "", "data": "-", "class": ""},
                {"road": "5", "name": "", "data": "-", "class": ""},
                {"road": "6", "name": "", "data": "-", "class": ""}

            ]
        ]
    },

    {
        "name": "高二男子组 100米 决赛",
        "players": [
            [
                {"road": "1", "name": "", "data": "-", "class": ""},
                {"road": "2", "name": "", "data": "-", "class": ""},
                {"road": "3", "name": "", "data": "-", "class": ""},
                {"road": "4", "name": "", "data": "-", "class": ""},
                {"road": "5", "name": "", "data": "-", "class": ""},
                {"road": "6", "name": "", "data": "-", "class": ""}

            ]
        ]
    },


    {
        "name": "高二女子组 100米 决赛",
        "players": [
            [
                {"road": "1", "name": "", "data": "-", "class": ""},
                {"road": "2", "name": "", "data": "-", "class": ""},
                {"road": "3", "name": "", "data": "-", "class": ""},
                {"road": "4", "name": "", "data": "-", "class": ""},
                {"road": "5", "name": "", "data": "-", "class": ""},
                {"road": "6", "name": "", "data": "-", "class": ""}

            ]
        ]
    },


    {
        "name": "高三男子组 100米 决赛",
        "players": [
            [
                {"road": "1", "name": "", "data": "-", "class": ""},
                {"road": "2", "name": "", "data": "-", "class": ""},
                {"road": "3", "name": "", "data": "-", "class": ""},
                {"road": "4", "name": "", "data": "-", "class": ""},
                {"road": "5", "name": "", "data": "-", "class": ""},
                {"road": "6", "name": "", "data": "-", "class": ""}

            ]
        ]
    },

    {
        "name": "高三女子组 100米 决赛",
        "players": [
            [
                {"road": "1", "name": "", "data": "-", "class": ""},
                {"road": "2", "name": "", "data": "-", "class": ""},
                {"road": "3", "name": "", "data": "-", "class": ""},
                {"road": "4", "name": "", "data": "-", "class": ""},
                {"road": "5", "name": "", "data": "-", "class": ""},
                {"road": "6", "name": "", "data": "-", "class": ""}

            ]
        ]
    },

                                

    {
        "name": "高一男子组 1500米 预决赛",
        "players": [
            [
                {"road": "1", "name": "陈优晟", "data": "-", "class": ""},
                {"road": "2", "name": "吴植", "data": "-", "class": ""},
                {"road": "3", "name": "林善耀", "data": "-", "class": ""},
                {"road": "4", "name": "雷友涵", "data": "-", "class": ""},
                {"road": "5", "name": "吴尚泽", "data": "-", "class": ""},
                {"road": "6", "name": "雷盛霖", "data": "-", "class": ""},

                {"road": "7", "name": "林子淘", "data": "-", "class": ""},
                {"road": "8", "name": "郑明轶", "data": "-", "class": ""},
                {"road": "9", "name": "姜来", "data": "-", "class": ""},
                {"road": "10", "name": "余根恺", "data": "-", "class": ""},
                {"road": "11", "name": "柯知涵", "data": "-", "class": ""},
                {"road": "12", "name": "郑智宸", "data": "-", "class": ""},

                {"road": "13", "name": "陈梓豪", "data": "-", "class": ""},
                {"road": "14", "name": "谢德仁", "data": "-", "class": ""},
                {"road": "15", "name": "李君恒", "data": "-", "class": ""},
                {"road": "16", "name": "唐博宇", "data": "-", "class": ""},
                {"road": "17", "name": "刘赋洋", "data": "-", "class": ""},
                {"road": "18", "name": "陈晟铭", "data": "-", "class": ""},


                {"road": "19", "name": "郑诗永", "data": "-", "class": ""},
                {"road": "20", "name": "肖鑫海", "data": "-", "class": ""},
                {"road": "21", "name": "李浩宇", "data": "-", "class": ""},
                {"road": "22", "name": "周晨", "data": "-", "class": ""},
                {"road": "23", "name": "简熙涵", "data": "-", "class": ""},
                {"road": "24", "name": "林铭予", "data": "-", "class": ""},

                {"road": "25", "name": "林锦灿", "data": "-", "class": ""}
            ]
        ]
    },

    {
        "name": "高二男子组 1500米 预决赛",
        "players": [
            [
                {"road": "1", "name": "林子辰", "data": "-", "class": ""},
                {"road": "2", "name": "江嘉森", "data": "-", "class": ""},
                {"road": "3", "name": "康纹夺", "data": "-", "class": ""},
                {"road": "4", "name": "郑显辉", "data": "-", "class": ""},
                {"road": "5", "name": "沈楠", "data": "-", "class": ""},
                {"road": "6", "name": "郑伊健", "data": "-", "class": ""},
            
                {"road": "7", "name": "翁楚霖", "data": "-", "class": ""},
                {"road": "8", "name": "凌伟庭", "data": "-", "class": ""},
                {"road": "9", "name": "李毅丞", "data": "-", "class": ""},
                {"road": "10", "name": "郑晧文", "data": "-", "class": ""},
                {"road": "11", "name": "吴昭帅", "data": "-", "class": ""},
                {"road": "12", "name": "顾柯", "data": "-", "class": ""},
            
                {"road": "13", "name": "朱建波", "data": "-", "class": ""},
                {"road": "14", "name": "陈富麾", "data": "-", "class": ""},
                {"road": "15", "name": "林昊成", "data": "-", "class": ""},
                {"road": "16", "name": "陈铭程", "data": "-", "class": ""},
                {"road": "17", "name": "肖杨", "data": "-", "class": ""},
                {"road": "18", "name": "魏才智", "data": "-", "class": ""}
            ]
        ]
    },


    {
        "name": "高一女子组 1500米 预决赛",
        "players": [
            [
                {"road": "1", "name": "余妍慧", "data": "-", "class": ""},
                {"road": "2", "name": "吴紫玲", "data": "-", "class": ""},
                {"road": "3", "name": "陈洛琪", "data": "-", "class": ""},
                {"road": "4", "name": "傅诗涵", "data": "-", "class": ""}
            ]
        ]
    },

    {
        "name": "高二女子组 1500米 预决赛",
        "players": [
            [
                {"road": "1", "name": "赵晗", "data": "-", "class": ""},
                {"road": "2", "name": "王奕钦", "data": "-", "class": ""}
            ]
        ]
    },



    {
        "name": "高二男子组 1500米 预决赛",
        "players": [
            [
                {"road": "1", "name": "林子辰", "data": "-", "class": ""},
                {"road": "2", "name": "江嘉森", "data": "-", "class": ""},
                {"road": "3", "name": "康纹夺", "data": "-", "class": ""},
                {"road": "4", "name": "郑显辉", "data": "-", "class": ""},
                {"road": "5", "name": "沈楠", "data": "-", "class": ""},
                {"road": "6", "name": "郑伊健", "data": "-", "class": ""},
            
                {"road": "7", "name": "翁楚霖", "data": "-", "class": ""},
                {"road": "8", "name": "凌伟庭", "data": "-", "class": ""},
                {"road": "9", "name": "李毅丞", "data": "-", "class": ""},
                {"road": "10", "name": "郑晧文", "data": "-", "class": ""},
                {"road": "11", "name": "吴昭帅", "data": "-", "class": ""},
                {"road": "12", "name": "顾柯", "data": "-", "class": ""},
            
                {"road": "13", "name": "朱建波", "data": "-", "class": ""},
                {"road": "14", "name": "陈富麾", "data": "-", "class": ""},
                {"road": "15", "name": "林昊成", "data": "-", "class": ""},
                {"road": "16", "name": "陈铭程", "data": "-", "class": ""},
                {"road": "17", "name": "肖杨", "data": "-", "class": ""},
                {"road": "18", "name": "魏才智", "data": "-", "class": ""}
            ]
        ]
    },


    {
        "name": "高三男子组 1500米 预决赛",
        "players": [
            [
                {"road": "1", "name": "杨智超", "data": "-", "class": ""},
                {"road": "2", "name": "倪正行", "data": "-", "class": ""},
                {"road": "3", "name": "刘正枨", "data": "-", "class": ""},
                {"road": "4", "name": "伊圣航", "data": "-", "class": ""},
                {"road": "5", "name": "高子翔", "data": "-", "class": ""},
                {"road": "6", "name": "卓方正", "data": "-", "class": ""},
            
                {"road": "7", "name": "王晔", "data": "-", "class": ""},
                {"road": "8", "name": "徐佳康", "data": "-", "class": ""},
                {"road": "9", "name": "王伟灿", "data": "-", "class": ""},
                {"road": "10", "name": "林汇元", "data": "-", "class": ""},
                {"road": "11", "name": "王鼎丞", "data": "-", "class": ""},
                {"road": "12", "name": "胡致昊", "data": "-", "class": ""},
            
                {"road": "13", "name": "郑宇涵", "data": "-", "class": ""},
                {"road": "14", "name": "毛鑫程", "data": "-", "class": ""},
                {"road": "15", "name": "曾子瀚", "data": "-", "class": ""},
                {"road": "16", "name": "胡序言", "data": "-", "class": ""},
                {"road": "17", "name": "钟宇辉", "data": "-", "class": ""}
            ]
        ]
    },

    {
        "name": "高三女子组 1500米 预决赛",
        "players": [
            [
                {"road": "1", "name": "谢思睿", "data": "-", "class": ""},
                {"road": "2", "name": "蓝越", "data": "-", "class": ""},
                {"road": "3", "name": "刘子瑄", "data": "-", "class": ""},
                {"road": "4", "name": "卞雨瞳", "data": "-", "class": ""}
            ]
        ]
    },

    {
        "name": "高二男子组 跳高 预决赛",
        "players": [
            [
                {"road": "1", "name": "沈冠陈", "data": "-", "class": ""},
                {"road": "2", "name": "陈方炫", "data": "-", "class": ""},
                {"road": "3", "name": "黄君灏", "data": "-", "class": ""},
                {"road": "4", "name": "彭宣然", "data": "-", "class": ""},
                {"road": "5", "name": "叶铭垚", "data": "-", "class": ""},
                {"road": "6", "name": "陈杰奇", "data": "-", "class": ""},

                {"road": "7", "name": "李漳哲", "data": "-", "class": ""},
                {"road": "8", "name": "郑皓天", "data": "-", "class": ""},
                {"road": "9", "name": "龚思俊", "data": "-", "class": ""},
                {"road": "10", "name": "李鹏涛", "data": "-", "class": ""},
                {"road": "11", "name": "陈良俊", "data": "-", "class": ""},
                {"road": "12", "name": "黄桢昊", "data": "-", "class": ""}
            ]
        ]
    },

    {
        "name": "高二女子组 跳高 预决赛",
        "players": [
            [
                {"road": "1", "name": "郑恬静", "data": "-", "class": ""},
                {"road": "2", "name": "黄静蕾", "data": "-", "class": ""},
                {"road": "3", "name": "秦梓铭", "data": "-", "class": ""},
                {"road": "4", "name": "薛雯萱", "data": "-", "class": ""},
                {"road": "5", "name": "林芷帆", "data": "-", "class": ""},
                {"road": "6", "name": "刘梓楠", "data": "-", "class": ""},

                {"road": "7", "name": "林玥言", "data": "-", "class": ""}
            ]
        ]
    },

    {
        "name": "高二女子组 铅球 预决赛",
        "players": [
            [
                {"road": "1", "name": "王诗晴", "data": "-", "class": ""},
                {"road": "2", "name": "洪燕妮", "data": "-", "class": ""},
                {"road": "3", "name": "魏楚凝", "data": "-", "class": ""},
                {"road": "4", "name": "何汐月", "data": "-", "class": ""},
                {"road": "5", "name": "陈昕妍", "data": "-", "class": ""},
                {"road": "6", "name": "苏靖琳", "data": "-", "class": ""},

                {"road": "7", "name": "杨秀妍", "data": "-", "class": ""},
                {"road": "8", "name": "黄静蕾", "data": "-", "class": ""},
                {"road": "9", "name": "林昕可", "data": "-", "class": ""},
                {"road": "10", "name": "魏晓", "data": "-", "class": ""}
            ]
        ]
    },


    {
        "name": "高三男子组 铅球 预决赛",
        "players": [
            [
                {"road": "1", "name": "严承天", "data": "-", "class": ""},
                {"road": "2", "name": "郑诗杰", "data": "-", "class": ""},
                {"road": "3", "name": "林哲昊", "data": "-", "class": ""},
                {"road": "4", "name": "王伟灿", "data": "-", "class": ""},
                {"road": "5", "name": "余少杰", "data": "-", "class": ""},
                {"road": "6", "name": "陈醒哲", "data": "-", "class": ""},

                {"road": "7", "name": "余森", "data": "-", "class": ""},
                {"road": "8", "name": "刘瑄铠", "data": "-", "class": ""},
                {"road": "9", "name": "陈禹昊", "data": "-", "class": ""},
                {"road": "10", "name": "黄镜伊", "data": "-", "class": ""},

                {"road": "11", "name": "江龚羿", "data": "-", "class": ""},
                {"road": "12", "name": "陈钦雨", "data": "-", "class": ""},
                {"road": "13", "name": "林航宇", "data": "-", "class": ""},
                {"road": "14", "name": "刘秉鑫", "data": "-", "class": ""},
                {"road": "15", "name": "束云飞", "data": "-", "class": ""},

                {"road": "16", "name": "梁翰宇", "data": "-", "class": ""},
                {"road": "17", "name": "黄梓铭", "data": "-", "class": ""},
                {"road": "18", "name": "王致韬", "data": "-", "class": ""},
                {"road": "19", "name": "陈睿彬", "data": "-", "class": ""},
                {"road": "20", "name": "陈宇澄", "data": "-", "class": ""},


                {"road": "21", "name": "杨瑞祺", "data": "-", "class": ""},
                {"road": "22", "name": "郑淏文", "data": "-", "class": ""},
                {"road": "23", "name": "彭博政", "data": "-", "class": ""},
                {"road": "24", "name": "林青榆", "data": "-", "class": ""},

                {"road": "25", "name": "张书剑", "data": "-", "class": ""},
                {"road": "26", "name": "陈冠泽", "data": "-", "class": ""}


            ]
        ]
    },

    {
        "name": "高一男子组 跳远 预决赛",
        "players": [
            [
                {"road": "1", "name": "陈天枝", "data": "-", "class": ""},
                {"road": "2", "name": "林琢程", "data": "-", "class": ""},
                {"road": "3", "name": "蔡逸飞", "data": "-", "class": ""},
                {"road": "4", "name": "刘浚铠", "data": "-", "class": ""},
                {"road": "5", "name": "黄越", "data": "-", "class": ""},
                {"road": "6", "name": "陈佳同", "data": "-", "class": ""},

                {"road": "7", "name": "林以宽", "data": "-", "class": ""},
                {"road": "8", "name": "程德华", "data": "-", "class": ""},
                {"road": "9", "name": "王源铖", "data": "-", "class": ""},
                {"road": "10", "name": "陈睿哲", "data": "-", "class": ""},

                {"road": "11", "name": "陈优晟", "data": "-", "class": ""},
                {"road": "12", "name": "林俊炜", "data": "-", "class": ""},
                {"road": "13", "name": "温泽睿", "data": "-", "class": ""},
                {"road": "14", "name": "卢隽祺", "data": "-", "class": ""},
                {"road": "15", "name": "谢景成", "data": "-", "class": ""},

                {"road": "16", "name": "鲍涵宇", "data": "-", "class": ""},
                {"road": "17", "name": "林熠轩", "data": "-", "class": ""},
                {"road": "18", "name": "林宇轩", "data": "-", "class": ""},
                {"road": "19", "name": "林焌豪", "data": "-", "class": ""},
                {"road": "20", "name": "朱益俊", "data": "-", "class": ""},


                {"road": "21", "name": "王墨迪", "data": "-", "class": ""},
                {"road": "22", "name": "林宇轩", "data": "-", "class": ""},
                {"road": "23", "name": "游君昊", "data": "-", "class": ""},
                {"road": "24", "name": "潘文杰", "data": "-", "class": ""},

                {"road": "25", "name": "林友凡", "data": "-", "class": ""}


            ]
        ]
    },


    {
        "name": "高一女子 跳远 预决赛",
        "players": [
            [
                {"road": "1", "name": "罗熠晨", "data": "-", "class": ""},
                {"road": "2", "name": "陈诗琪", "data": "-", "class": ""},
                {"road": "3", "name": "江雨萱", "data": "-", "class": ""},
                {"road": "4", "name": "李小沅", "data": "-", "class": ""},
                {"road": "5", "name": "邱嘉煜", "data": "-", "class": ""},
                {"road": "6", "name": "吴佳雯", "data": "-", "class": ""},

                {"road": "7", "name": "付锦蕾", "data": "-", "class": ""},
                {"road": "8", "name": "李欣妍", "data": "-", "class": ""},
                {"road": "9", "name": "郑斯元", "data": "-", "class": ""},
                {"road": "10", "name": "蔡昕怡", "data": "-", "class": ""},

                {"road": "11", "name": "林诗铃", "data": "-", "class": ""},
                {"road": "12", "name": "胡嘉琳", "data": "-", "class": ""},
                {"road": "13", "name": "任惠清", "data": "-", "class": ""},
                {"road": "14", "name": "王子然", "data": "-", "class": ""},
                {"road": "15", "name": "林妮", "data": "-", "class": ""}



            ]
        ]
    },


    {
        "name": "高三女子组 三级跳远 预决赛",
        "players": [
            [
                {"road": "1", "name": "张思琪", "data": "-", "class": ""},
                {"road": "2", "name": "蔡欣楠", "data": "-", "class": ""},
                {"road": "3", "name": "陈柔琦", "data": "-", "class": ""},
                {"road": "4", "name": "庄家怡", "data": "-", "class": ""},
                {"road": "5", "name": "林可馨", "data": "-", "class": ""},
                {"road": "6", "name": "黄恬婧", "data": "-", "class": ""},

                {"road": "7", "name": "林妍", "data": "-", "class": ""},
                {"road": "8", "name": "尹馨", "data": "-", "class": ""},
                {"road": "9", "name": "周曼馨", "data": "-", "class": ""},
                {"road": "10", "name": "王佳茜", "data": "-", "class": ""},

                {"road": "11", "name": "张宇茜", "data": "-", "class": ""},
                {"road": "12", "name": "夏颖琪", "data": "-", "class": ""}

            ]
        ]
    },


    {
        "name": "高二女子组 三级跳远 预决赛",
        "players": [
            [
                {"road": "1", "name": "赵晗", "data": "-", "class": ""},
                {"road": "2", "name": "朱彦亦", "data": "-", "class": ""},
                {"road": "3", "name": "邓添馨", "data": "-", "class": ""},
                {"road": "4", "name": "缪云楸", "data": "-", "class": ""},
                {"road": "5", "name": "李学锶", "data": "-", "class": ""}


            ]
        ]
    },




    {
        "name": "高一男子组 200米 预赛",
        "players": [
            
            [
                { "road": "1", "name": "蔡宜硕", "data": "-", "class": "" },
                { "road": "2", "name": "陈铭",  "data": "-", "class": "" },
                { "road": "3", "name": "林鸿烨", "data": "-", "class": "" },
                { "road": "4", "name": "林志丰", "data": "-", "class": "" },
                { "road": "5", "name": "黄涵锘", "data": "-", "class": "" },
                { "road": "6", "name": "毛盾", "data": "-", "class": "" }


            ],
            
            [
                { "road": "1", "name": "黄家兴", "data": "-", "class": "" },
                { "road": "2", "name": "游君昊", "data": "-", "class": "" },
                { "road": "3", "name": "江星毅", "data": "-", "class": "" },
                { "road": "4", "name": "黄守鑫", "data": "-", "class": "" },
                { "road": "5", "name": "雷宸杰", "data": "-", "class": "" }

            ],
            
            [
                { "road": "1", "name": "林以宽", "data": "-", "class": "" },
                { "road": "2", "name": "陈柏延", "data": "-", "class": "" },
                { "road": "3", "name": "林柏喆", "data": "-", "class": "" },
                { "road": "4", "name": "陈晋赫", "data": "-", "class": "" },
                { "road": "5", "name": "郑智宸", "data": "-", "class": "" }
            ],
            
            [
                { "road": "1", "name": "王梓俊", "data": "-", "class": "" },
                { "road": "2", "name": "詹炫", "data": "-", "class": "" },
                { "road": "3", "name": "许皓珉", "data": "-", "class": "" },
                { "road": "4", "name": "陈起熠", "data": "-", "class": "" },
                { "road": "5", "name": "陈嘉禾", "data": "-", "class": "" }

            ],
            
            [
                { "road": "1", "name": "兰恩奇", "data": "-", "class": "" },
                { "road": "2", "name": "邓睿涛", "data": "-", "class": "" },
                { "road": "3", "name": "林子睿", "data": "-", "class": "" },
                { "road": "4", "name": "张哲豪", "data": "-", "class": "" },
                { "road": "5", "name": "陈哲涵", "data": "-", "class": "" }

            ],
            
            [
                { "road": "1", "name": "刘凯烨", "data": "-", "class": "" },
                { "road": "2", "name": "郑浩霖", "data": "-", "class": "" },
                { "road": "3", "name": "邓宇轩", "data": "-", "class": "" },
                { "road": "4", "name": "朱宇鑫", "data": "-", "class": "" },
                { "road": "5", "name": "朱远航", "data": "-", "class": "" }

            ]
        ]

    },
            
                                




    {

        "name": "高一女子组 200米 预赛",
        "players": [
            [
                {"road": "1", "name": "朱锦洁", "data": "-", "class": ""},
                {"road": "2", "name": "洪之暄", "data": "-", "class": ""},
                {"road": "3", "name": "朱锦华", "data": "-", "class": ""},
                {"road": "4", "name": "沈钰涵", "data": "-", "class": ""},
                {"road": "5", "name": "江雨萱", "data": "-", "class": ""},
                {"road": "6", "name": "谢烨萱", "data": "-", "class": ""}
            ],
            [
                
                {"road": "1", "name": "林诗铃", "data": "-", "class": ""},
                {"road": "2", "name": "林靖依", "data": "-", "class": ""},
                {"road": "3", "name": "蔡昕怡", "data": "-", "class": ""},
                {"road": "4", "name": "毛以诺", "data": "-", "class": ""},
                {"road": "5", "name": "林梦菲", "data": "-", "class": ""},
                {"road": "6", "name": "陈若汐", "data": "-", "class": ""}
            ],
            [
                {"road": "1", "name": "翁瑞希", "data": "-", "class": ""},
                {"road": "2", "name": "傅诗雨", "data": "-", "class": ""},
                {"road": "3", "name": "冯子容", "data": "-", "class": ""},
                {"road": "4", "name": "郭芮涵", "data": "-", "class": ""},
                {"road": "5", "name": "陈羽祺", "data": "-", "class": ""}
            ],
            [

                {"road": "1", "name": "陈语砚", "data": "-", "class": ""},
                {"road": "2", "name": "吴芷静", "data": "-", "class": ""},
                {"road": "3", "name": "唐煊", "data": "-", "class": ""},
                {"road": "4", "name": "邓艺焓", "data": "-", "class": ""},
                {"road": "5", "name": "胡久莉", "data": "-", "class": ""}


            ]
        ]
    },

    {
        "name": "高二男子组 200米 预赛",
        "players": [
            [
                {"road": "1", "name": "王新琳", "data": "-", "class": ""},
                {"road": "2", "name": "倪睿康", "data": "-", "class": ""},
                {"road": "3", "name": "陈诺霖", "data": "-", "class": ""},
                {"road": "4", "name": "陈子睿", "data": "-", "class": ""},
                {"road": "5", "name": "黄宏彬", "data": "-", "class": ""},
                {"road": "6", "name": "陈铭程", "data": "-", "class": ""}
            ],
            [
                
                {"road": "1", "name": "顾柯", "data": "-", "class": ""},
                {"road": "2", "name": "鄢仁盛", "data": "-", "class": ""},
                {"road": "3", "name": "吴烨豪", "data": "-", "class": ""},
                {"road": "4", "name": "邹志涛", "data": "-", "class": ""},
                {"road": "5", "name": "杨宸烨", "data": "-", "class": ""}

            ],
            [
                {"road": "1", "name": "虞佳明", "data": "-", "class": ""},
                {"road": "2", "name": "蒋泊元", "data": "-", "class": ""},
                {"road": "3", "name": "许宸硕", "data": "-", "class": ""},
                {"road": "4", "name": "陈诗宇", "data": "-", "class": ""},
                {"road": "5", "name": "柯博文", "data": "-", "class": ""}

            ]
        ]
    },

    {
        "name": "高二女子组 200米 预赛",
        "players": [
            [
                {"road": "1", "name": "陈欣怡", "data": "-", "class": ""},
                {"road": "2", "name": "王子瑶", "data": "-", "class": ""},
                {"road": "3", "name": "程怡然", "data": "-", "class": ""},
                {"road": "4", "name": "刘芝言", "data": "-", "class": ""},
                {"road": "5", "name": "吴梦鑫", "data": "-", "class": ""}
            ],
            [
                {"road": "2", "name": "吴欣悦", "data": "-", "class": ""},
                {"road": "3", "name": "林梦琦", "data": "-", "class": ""},
                {"road": "4", "name": "沈金茹", "data": "-", "class": ""},
                {"road": "5", "name": "上官梦媛", "data": "-", "class": ""}
            ],
            [
                {"road": "2", "name": "王恺熙", "data": "-", "class": ""},
                {"road": "3", "name": "许佳琳", "data": "-", "class": ""},
                {"road": "4", "name": "曾子妍", "data": "-", "class": ""},
                {"road": "5", "name": "宋全美", "data": "-", "class": ""}
            ]
        ]
    },

    {
        "name": "高三男子组 200米 预赛",
        "players": [
            [
                {"road": "1", "name": "黄显宸", "data": "-", "class": ""},
                {"road": "2", "name": "郭子晗", "data": "-", "class": ""},
                {"road": "3", "name": "杨智超", "data": "-", "class": ""},
                {"road": "4", "name": "孙为权", "data": "-", "class": ""},
                {"road": "5", "name": "黄家铭", "data": "-", "class": ""},
                {"road": "6", "name": "魏廷", "data": "-", "class": ""}
            ],
            [
                
                {"road": "1", "name": "林杰", "data": "-", "class": ""},
                {"road": "2", "name": "潘熙阳", "data": "-", "class": ""},
                {"road": "3", "name": "王垚彬", "data": "-", "class": ""},
                {"road": "4", "name": "吴张恒", "data": "-", "class": ""},
                {"road": "5", "name": "江杰康", "data": "-", "class": ""},
                {"road": "6", "name": "王楚彬", "data": "-", "class": ""}
            ]
        ]
    },




    {
        "name": "高三女子组 200米 预赛",
        "players": [
            [
                {"road": "1", "name": "罗乔薇", "data": "-", "class": ""},
                {"road": "2", "name": "曾梓涵", "data": "-", "class": ""},
                {"road": "3", "name": "罗斐", "data": "-", "class": ""},
                {"road": "4", "name": "戴月宸", "data": "-", "class": ""},
                {"road": "5", "name": "黄慧函", "data": "-", "class": ""}
            ],
            [
                {"road": "1", "name": "林晓晗", "data": "-", "class": ""},
                {"road": "2", "name": "欧友知", "data": "-", "class": ""},
                {"road": "3", "name": "詹雨涵", "data": "-", "class": ""},
                {"road": "4", "name": "赵昕瞳", "data": "-", "class": ""},
                {"road": "5", "name": "黄可丰", "data": "-", "class": ""}
            ]
        ]
    },

    {
        "name": "高一男子组 800米 预决赛",
        "players": [
            [
                {"road": "1", "name": "林鸿烨", "data": "-", "class": ""},
                {"road": "2", "name": "李宗道", "data": "-", "class": ""},
                {"road": "3", "name": "林子淘", "data": "-", "class": ""},
                {"road": "4", "name": "范睿图", "data": "-", "class": ""},
                {"road": "5", "name": "陈于思", "data": "-", "class": ""},
                {"road": "6", "name": "林宏艺", "data": "-", "class": ""},

                {"road": "7", "name": "郑详淏", "data": "-", "class": ""},
                {"road": "8", "name": "詹炫", "data": "-", "class": ""},
                {"road": "9", "name": "林振轩", "data": "-", "class": ""},
                {"road": "10", "name": "李宥熹", "data": "-", "class": ""},
                {"road": "11", "name": "曹宇轩", "data": "-", "class": ""},
                {"road": "12", "name": "谢景成", "data": "-", "class": ""},

                {"road": "13", "name": "陈梓豪", "data": "-", "class": ""},
                {"road": "14", "name": "黄宏懿", "data": "-", "class": ""},
                {"road": "15", "name": "柯知涵", "data": "-", "class": ""},
                {"road": "16", "name": "林宇轩", "data": "-", "class": ""},
                {"road": "17", "name": "蔡宸轩", "data": "-", "class": ""},
                {"road": "18", "name": "周榕浠", "data": "-", "class": ""},

                {"road": "19", "name": "郑煦缤", "data": "-", "class": ""}
            ]
        ]
    },

    {
        "name": "高一女子组 800米 预决赛",
        "players": [
            [
                {"road": "1", "name": "傅诗涵", "data": "-", "class": ""},
                {"road": "2", "name": "龚悦", "data": "-", "class": ""},
                {"road": "3", "name": "林靖依", "data": "-", "class": ""},
                {"road": "4", "name": "余妍慧", "data": "-", "class": ""},
                {"road": "5", "name": "吕怡闽", "data": "-", "class": ""},
                {"road": "6", "name": "江予宸", "data": "-", "class": ""},

                {"road": "7", "name": "陈凌钰", "data": "-", "class": ""},
                {"road": "8", "name": "戴义荞", "data": "-", "class": ""},
                {"road": "9", "name": "谢觉逸", "data": "-", "class": ""},
                {"road": "10", "name": "吴炎洁", "data": "-", "class": ""}
            ]
        ]
    },


    {
        "name": "高二男子组 800米 预决赛",
        "players": [
            [
                {"road": "1", "name": "郑哲恺", "data": "-", "class": ""},
                {"road": "2", "name": "林嘉胤", "data": "-", "class": ""},
                {"road": "3", "name": "方宇辰", "data": "-", "class": ""},
                {"road": "4", "name": "江嘉森", "data": "-", "class": ""},
                {"road": "5", "name": "林子辰", "data": "-", "class": ""},
                {"road": "6", "name": "沈楠", "data": "-", "class": ""}
            ]

        ]
    },

    {
        "name": "高二女子组 800米 预决赛",
        "players": [
            [
                {"road": "1", "name": "王子瑶", "data": "-", "class": ""},
                {"road": "2", "name": "王粲", "data": "-", "class": ""},
                {"road": "3", "name": "秦梓铭", "data": "-", "class": ""},
                {"road": "4", "name": "吴梦鑫", "data": "-", "class": ""},
                {"road": "5", "name": "刘梓楠", "data": "-", "class": ""},
                {"road": "6", "name": "吴欣悦", "data": "-", "class": ""},

                {"road": "7", "name": "刘堉涵", "data": "-", "class": ""},
                {"road": "8", "name": "吴钧琳", "data": "-", "class": ""},
                {"road": "9", "name": "林昕可", "data": "-", "class": ""},
                {"road": "10", "name": "蔡君忆", "data": "-", "class": ""},
                {"road": "11", "name": "李唯伊", "data": "-", "class": ""},
                {"road": "12", "name": "王思蕊", "data": "-", "class": ""},

                {"road": "13", "name": "刘敏君", "data": "-", "class": ""}
            ]
        ]
    },

    {
        "name": "高三男子组 800米 预决赛",
        "players": [
            [
                {"road": "1", "name": "钟宇辉", "data": "-", "class": ""},
                {"road": "2", "name": "刘旭睿", "data": "-", "class": ""},
                {"road": "3", "name": "林羿鸣", "data": "-", "class": ""},
                {"road": "4", "name": "高圣东", "data": "-", "class": ""},
                {"road": "5", "name": "徐代鑫", "data": "-", "class": ""},
                {"road": "6", "name": "谢宇轩", "data": "-", "class": ""},
                
                {"road": "7", "name": "卓方正", "data": "-", "class": ""},
                {"road": "8", "name": "田昊锦", "data": "-", "class": ""},
                {"road": "9", "name": "高子翔", "data": "-", "class": ""},
                {"road": "10", "name": "余森", "data": "-", "class": ""}
            ]
        ]
    },

    {
        "name": "高三女子组 800米 预决赛",
        "players": [
            [
                {"road": "1", "name": "林睿妍", "data": "-", "class": ""},
                {"road": "2", "name": "张译丹", "data": "-", "class": ""},
                {"road": "3", "name": "郑索菲", "data": "-", "class": ""},
                {"road": "4", "name": "陈一", "data": "-", "class": ""},
                {"road": "5", "name": "谢思睿", "data": "-", "class": ""}

            ]
        ]
    },
                                                
    {
        "name": "高一男子组 200米 决赛",
        "players": [
            [
                {"road": "1", "name": "", "data": "-", "class": ""},
                {"road": "2", "name": "", "data": "-", "class": ""},
                {"road": "3", "name": "", "data": "-", "class": ""},
                {"road": "4", "name": "", "data": "-", "class": ""},
                {"road": "5", "name": "", "data": "-", "class": ""},
                {"road": "6", "name": "", "data": "-", "class": ""}
            ]
        ]
    },

    {
        "name": "高一女子组 200米 决赛",
        "players": [
            [
                {"road": "1", "name": "", "data": "-", "class": ""},
                {"road": "2", "name": "", "data": "-", "class": ""},
                {"road": "3", "name": "", "data": "-", "class": ""},
                {"road": "4", "name": "", "data": "-", "class": ""},
                {"road": "5", "name": "", "data": "-", "class": ""},
                {"road": "6", "name": "", "data": "-", "class": ""}
            ]
        ]
    },

    {
        "name": "高二女子组 200米 决赛",
        "players": [
            [
                {"road": "1", "name": "", "data": "-", "class": ""},
                {"road": "2", "name": "", "data": "-", "class": ""},
                {"road": "3", "name": "", "data": "-", "class": ""},
                {"road": "4", "name": "", "data": "-", "class": ""},
                {"road": "5", "name": "", "data": "-", "class": ""},
                {"road": "6", "name": "", "data": "-", "class": ""}
            ]
        ]
    },

    {
        "name": "高二男子组 200米 决赛",
        "players": [
            [
                {"road": "1", "name": "", "data": "-", "class": ""},
                {"road": "2", "name": "", "data": "-", "class": ""},
                {"road": "3", "name": "", "data": "-", "class": ""},
                {"road": "4", "name": "", "data": "-", "class": ""},
                {"road": "5", "name": "", "data": "-", "class": ""},
                {"road": "6", "name": "", "data": "-", "class": ""}
            ]
        ]
    },

    {
        "name": "高三男子组 200米 决赛",
        "players": [
            [
                {"road": "1", "name": "", "data": "-", "class": ""},
                {"road": "2", "name": "", "data": "-", "class": ""},
                {"road": "3", "name": "", "data": "-", "class": ""},
                {"road": "4", "name": "", "data": "-", "class": ""},
                {"road": "5", "name": "", "data": "-", "class": ""},
                {"road": "6", "name": "", "data": "-", "class": ""}
            ]
        ]
    },

    {
        "name": "高三女子组 200米 决赛",
        "players": [
            [
                {"road": "1", "name": "", "data": "-", "class": ""},
                {"road": "2", "name": "", "data": "-", "class": ""},
                {"road": "3", "name": "", "data": "-", "class": ""},
                {"road": "4", "name": "", "data": "-", "class": ""},
                {"road": "5", "name": "", "data": "-", "class": ""},
                {"road": "6", "name": "", "data": "-", "class": ""}
            ]
        ]
    },
                                                


    {
        "name": "高一混合组 20x50米迎面接力 预决赛",
        "players": [
            
            [
                {"road": "1", "name": "高一1班", "data": "-", "class": ""},
                {"road": "2", "name": "高一11班", "data": "-", "class": ""},
                {"road": "3", "name": "高一15班", "data": "-", "class": ""},
                {"road": "4", "name": "高一6班", "data": "-", "class": ""},
                {"road": "5", "name": "高一9班", "data": "-", "class": ""},
                {"road": "6", "name": "高一5班", "data": "-", "class": ""}
            ],
            
            [
                {"road": "1", "name": "高一2班", "data": "-", "class": ""},
                {"road": "2", "name": "高一3班", "data": "-", "class": ""},
                {"road": "3", "name": "高一4班", "data": "-", "class": ""},
                {"road": "4", "name": "高一7班", "data": "-", "class": ""},
                {"road": "5", "name": "高一16班", "data": "-", "class": ""},
                {"road": "6", "name": "高一14班", "data": "-", "class": ""}
            ],
            
            [
                {"road": "1", "name": "高一10班", "data": "-", "class": ""},
                {"road": "2", "name": "高一8班", "data": "-", "class": ""},
                {"road": "3", "name": "高一17班", "data": "-", "class": ""},
                {"road": "4", "name": "高一13班", "data": "-", "class": ""},
                {"road": "5", "name": "高一12班", "data": "-", "class": ""}
            ]
        ]
    },

    {
        "name": "高二混合组 20x50米迎面接力 预决赛",
        "players": [
            
            [
                {"road": "1", "name": "高二14班", "data": "-", "class": ""},
                {"road": "2", "name": "高二7班", "data": "-", "class": ""},
                {"road": "3", "name": "高二4班", "data": "-", "class": ""},
                {"road": "4", "name": "高二6班", "data": "-", "class": ""},
                {"road": "5", "name": "高二9班", "data": "-", "class": ""}
            ],
            
            [
                {"road": "1", "name": "高二3班", "data": "-", "class": ""},
                {"road": "2", "name": "高二13班", "data": "-", "class": ""},
                {"road": "3", "name": "高二10班", "data": "-", "class": ""},
                {"road": "4", "name": "高二8班", "data": "-", "class": ""},
                {"road": "5", "name": "高二11班", "data": "-", "class": ""}
            ],
            
            [
                {"road": "1", "name": "高二5班", "data": "-", "class": ""},
                {"road": "2", "name": "高二15班", "data": "-", "class": ""},
                {"road": "3", "name": "高二1班", "data": "-", "class": ""},
                {"road": "4", "name": "高二2班", "data": "-", "class": ""},
                {"road": "5", "name": "高二12班", "data": "-", "class": ""}
            ]
        ]
    },

    {
        "name": "高三混合组 20x50米迎面接力 预决赛",
        "players": [
            
            [
                {"road": "1", "name": "高三11班", "data": "-", "class": ""},
                {"road": "2", "name": "高三1班", "data": "-", "class": ""},
                {"road": "3", "name": "高三9班", "data": "-", "class": ""},
                {"road": "4", "name": "高三12班", "data": "-", "class": ""},
                {"road": "5", "name": "高三2班", "data": "-", "class": ""},
                {"road": "6", "name": "高三3班", "data": "-", "class": ""}
            ],
            
            [
                {"road": "1", "name": "高三10班", "data": "-", "class": ""},
                {"road": "2", "name": "高三4班", "data": "-", "class": ""},
                {"road": "3", "name": "高三6班", "data": "-", "class": ""},
                {"road": "4", "name": "高三13班", "data": "-", "class": ""},
                {"road": "5", "name": "高三16班", "data": "-", "class": ""}
            ],
            
            [
                {"road": "1", "name": "高三5班", "data": "-", "class": ""},
                {"road": "2", "name": "高三15班", "data": "-", "class": ""},
                {"road": "3", "name": "高三14班", "data": "-", "class": ""},
                {"road": "4", "name": "高三8班", "data": "-", "class": ""},
                {"road": "5", "name": "高三7班", "data": "-", "class": ""}
            ]
        ]
    },


                                            
    {
        "name": "高三男子组 跳高 预决赛",
        "players": [
            [
                {"road": "1", "name": "黄子鉴", "data": "-", "class": ""},
                {"road": "2", "name": "陈冠泽", "data": "-", "class": ""},
                {"road": "3", "name": "汤子墨", "data": "-", "class": ""},
                {"road": "4", "name": "蔡镇浩", "data": "-", "class": ""},
                {"road": "5", "name": "郑宇涵", "data": "-", "class": ""},
                {"road": "6", "name": "魏楷燃", "data": "-", "class": ""},

                {"road": "7", "name": "余潘超", "data": "-", "class": ""},
                {"road": "8", "name": "林仕城", "data": "-", "class": ""},
                {"road": "9", "name": "张海韵", "data": "-", "class": ""},
                {"road": "10", "name": "朱李行正", "data": "-", "class": ""},
                {"road": "11", "name": "陈钦雨", "data": "-", "class": ""},

                {"road": "12", "name": "严恺文", "data": "-", "class": ""},
                {"road": "13", "name": "翁财旭", "data": "-", "class": ""},
                {"road": "14", "name": "陈醒哲", "data": "-", "class": ""},
                {"road": "15", "name": "梁翰宇", "data": "-", "class": ""},
                {"road": "16", "name": "郭子晗", "data": "-", "class": ""},
                {"road": "17", "name": "赵禾阳", "data": "-", "class": ""},
            
                {"road": "18", "name": "刘瑄铠", "data": "-", "class": ""},
                {"road": "19", "name": "黄梓铭", "data": "-", "class": ""}
            ]
        ]
    },

    {
        "name": "高三女子组 跳高 预决赛",
        "players": [
            [
                {"road": "1", "name": "魏佳仪", "data": "-", "class": ""},
                {"road": "2", "name": "江佳玲", "data": "-", "class": ""},
                {"road": "3", "name": "卢思羽", "data": "-", "class": ""},
                {"road": "4", "name": "肖振轩", "data": "-", "class": ""},
                {"road": "5", "name": "刘子瑄", "data": "-", "class": ""},
                {"road": "6", "name": "朱枢弋", "data": "-", "class": ""},

                {"road": "7", "name": "林昱彤", "data": "-", "class": ""}
            ]
        ]
    },

    {
        "name": "高一男子组 三级跳远 预决赛",
        "players": [
            [
                {"road": "1", "name": "陈恩霖", "data": "-", "class": ""},
                {"road": "2", "name": "陈天骏", "data": "-", "class": ""},
                {"road": "3", "name": "朱宇鑫", "data": "-", "class": ""},
                {"road": "4", "name": "朱远航", "data": "-", "class": ""},
                {"road": "5", "name": "陈佳同", "data": "-", "class": ""},
                {"road": "6", "name": "吴哲浩", "data": "-", "class": ""},

                {"road": "7", "name": "林熠轩", "data": "-", "class": ""},
                {"road": "8", "name": "鲍涵宇", "data": "-", "class": ""},
                {"road": "9", "name": "陈诺林", "data": "-", "class": ""},
                {"road": "10", "name": "陈铭", "data": "-", "class": ""},
                {"road": "11", "name": "付隆倪", "data": "-", "class": ""},
            
                {"road": "12", "name": "洪安晟", "data": "-", "class": ""},
                {"road": "13", "name": "陈冕", "data": "-", "class": ""},
                {"road": "14", "name": "王梓俊", "data": "-", "class": ""},
                {"road": "15", "name": "陈天枝", "data": "-", "class": ""},
                {"road": "16", "name": "邓睿涛", "data": "-", "class": ""},
                {"road": "17", "name": "黄梓翔", "data": "-", "class": ""},

                {"road": "18", "name": "吴哲绮", "data": "-", "class": ""},
                {"road": "19", "name": "林宇翔", "data": "-", "class": ""},
                {"road": "20", "name": "林振轩", "data": "-", "class": ""},
                {"road": "21", "name": "朱益俊", "data": "-", "class": ""}
            ]
        ]
    },

    {
        "name": "高一女子组 三级跳远 预决赛",
        "players": [
            [
                {"road": "1", "name": "陈凌钰", "data": "-", "class": ""},
                {"road": "2", "name": "张芷妍", "data": "-", "class": ""},
                {"road": "3", "name": "吴炎洁", "data": "-", "class": ""},
                {"road": "4", "name": "郑昕彤", "data": "-", "class": ""},
                {"road": "5", "name": "林妮", "data": "-", "class": ""},
                {"road": "6", "name": "龚悦", "data": "-", "class": ""},

                {"road": "7", "name": "陈洛琪", "data": "-", "class": ""},
                {"road": "8", "name": "黄琦雯", "data": "-", "class": ""},
                {"road": "9", "name": "胡嘉琳", "data": "-", "class": ""},
                {"road": "10", "name": "毛以诺", "data": "-", "class": ""},
                {"road": "10", "name": "王子然", "data": "-", "class": ""}
            ]
        ]
    },

    {
        "name": "高二女子组 跳远 预决赛",
        "players": [
            [
                {"road": "1", "name": "魏楚凝", "data": "-", "class": ""},
                {"road": "2", "name": "王韵灵", "data": "-", "class": ""},
                {"road": "3", "name": "郑恬静", "data": "-", "class": ""},
                {"road": "4", "name": "林如钰", "data": "-", "class": ""},
                {"road": "5", "name": "陈子宁", "data": "-", "class": ""},
                {"road": "6", "name": "关瑞涛", "data": "-", "class": ""},

                {"road": "7", "name": "潘思含", "data": "-", "class": ""},
                {"road": "8", "name": "李学锶", "data": "-", "class": ""},
                {"road": "9", "name": "缪云楸", "data": "-", "class": ""},
                {"road": "10", "name": "鲍妍宇", "data": "-", "class": ""},
                {"road": "11", "name": "陈欣怡", "data": "-", "class": ""},

                {"road": "12", "name": "朱彦亦", "data": "-", "class": ""},
                {"road": "13", "name": "陈韫琪", "data": "-", "class": ""},
                {"road": "14", "name": "朱乐菱", "data": "-", "class": ""},
                {"road": "15", "name": "陶悦涵", "data": "-", "class": ""},
                {"road": "16", "name": "邓添馨", "data": "-", "class": ""}
            ]
        ]
    },

    {
        "name": "男子组 跳远 预决赛",
        "players": [
            [
                {"road": "1", "name": "林杰", "data": "-", "class": ""},
                {"road": "2", "name": "卢锐羽", "data": "-", "class": ""},
                {"road": "3", "name": "陈德胜", "data": "-", "class": ""},
                {"road": "4", "name": "汤子墨", "data": "-", "class": ""},
                {"road": "5", "name": "张海韵", "data": "-", "class": ""},
                {"road": "6", "name": "孙为权", "data": "-", "class": ""},

                {"road": "7", "name": "柯南", "data": "-", "class": ""},
                {"road": "8", "name": "陈晟喆", "data": "-", "class": ""},
                {"road": "9", "name": "郑诗杰", "data": "-", "class": ""},
                {"road": "10", "name": "吴张恒", "data": "-", "class": ""},
                {"road": "11", "name": "黄毅", "data": "-", "class": ""},
                {"road": "12", "name": "陈冠华", "data": "-", "class": ""},
                
                {"road": "13", "name": "陈子利", "data": "-", "class": ""},
                {"road": "14", "name": "庄原", "data": "-", "class": ""},
                {"road": "15", "name": "王铠迪", "data": "-", "class": ""},
                {"road": "16", "name": "林言成", "data": "-", "class": ""},
                {"road": "17", "name": "吴绍鸿", "data": "-", "class": ""},
                {"road": "18", "name": "林航宇", "data": "-", "class": ""},

                {"road": "19", "name": "陆柏涛", "data": "-", "class": ""},
                {"road": "20", "name": "严恺文", "data": "-", "class": ""},
                {"road": "21", "name": "吴宇翔", "data": "-", "class": ""},
                {"road": "22", "name": "江龚羿", "data": "-", "class": ""},
                {"road": "23", "name": "刘家祺", "data": "-", "class": ""},
                {"road": "24", "name": "黄子鉴", "data": "-", "class": ""},

                {"road": "25", "name": "张弘毅", "data": "-", "class": ""},
                {"road": "26", "name": "余潘超", "data": "-", "class": ""}
            ]
        ]
    },



    {
        "name": "高三女子组 铅球 预决赛",
        "players": [
            [
                {"road": "1", "name": "王佳茜", "data": "-", "class": ""},
                {"road": "2", "name": "林昱彤", "data": "-", "class": ""},
                {"road": "3", "name": "梁心妍", "data": "-", "class": ""},
                {"road": "4", "name": "陈刘璐", "data": "-", "class": ""},
                {"road": "5", "name": "陈暄颖", "data": "-", "class": ""},
                {"road": "6", "name": "卞雨瞳", "data": "-", "class": ""},

                {"road": "7", "name": "黄恬婧", "data": "-", "class": ""},
                {"road": "8", "name": "黄雅淳", "data": "-", "class": ""},
                {"road": "9", "name": "夏颖琪", "data": "-", "class": ""},
                {"road": "10", "name": "詹锦垚", "data": "-", "class": ""},
                {"road": "11", "name": "蔡欣楠", "data": "-", "class": ""},
                {"road": "12", "name": "江佳玲", "data": "-", "class": ""},

                {"road": "13", "name": "林可馨", "data": "-", "class": ""},
                {"road": "14", "name": "尹馨", "data": "-", "class": ""},
                {"road": "15", "name": "詹雨诗", "data": "-", "class": ""},
                {"road": "16", "name": "黄诗芮", "data": "-", "class": ""},
                {"road": "17", "name": "林雨润", "data": "-", "class": ""},
                {"road": "18", "name": "卢思羽", "data": "-", "class": ""},

                {"road": "19", "name": "蒋银霞", "data": "-", "class": ""},
                {"road": "20", "name": "林昕怡", "data": "-", "class": ""}
            ]
        ]
    },

    {
        "name": "高二男子组 铅球 预决赛",
        "players": [
            [
                {"road": "1", "name": "孙铭辰", "data": "-", "class": ""},
                {"road": "2", "name": "韩鑫", "data": "-", "class": ""},
                {"road": "3", "name": "魏宇轩", "data": "-", "class": ""},
                {"road": "4", "name": "郑伊健", "data": "-", "class": ""},
                {"road": "5", "name": "吴昭帅", "data": "-", "class": ""},
                {"road": "6", "name": "林意宸", "data": "-", "class": ""},

                {"road": "7", "name": "魏伦锦", "data": "-", "class": ""},
                {"road": "8", "name": "廖梓晗", "data": "-", "class": ""},
                {"road": "9", "name": "冯宇轩", "data": "-", "class": ""},
                {"road": "10", "name": "吴雨杨", "data": "-", "class": ""},
                {"road": "11", "name": "沈冠陈", "data": "-", "class": ""},
                {"road": "12", "name": "袁振龙", "data": "-", "class": ""},

                {"road": "13", "name": "吴书怀", "data": "-", "class": ""},
                {"road": "14", "name": "尤良涛", "data": "-", "class": ""},
                {"road": "15", "name": "吴起弦", "data": "-", "class": ""},
                {"road": "16", "name": "李隆琨", "data": "-", "class": ""},
                {"road": "17", "name": "陈怀瑾", "data": "-", "class": ""},
                {"road": "18", "name": "李鹏涛", "data": "-", "class": ""},

                {"road": "19", "name": "李煜钧", "data": "-", "class": ""},
                {"road": "20", "name": "谢奕畅", "data": "-", "class": ""},
                {"road": "21", "name": "王子睿", "data": "-", "class": ""},
                {"road": "22", "name": "毛彦杰", "data": "-", "class": ""},
                {"road": "23", "name": "李浩轩", "data": "-", "class": ""},
                {"road": "24", "name": "陈鑫", "data": "-", "class": ""},

                {"road": "25", "name": "洪浩铧", "data": "-", "class": ""}
            ]
        ]
    },


    {
        "name": "高一男子组 4x100米接力 预决赛",
        "players": [
            
            [
                {"road": "1", "name": "高一8班", "data": "-", "class": ""},
                {"road": "2", "name": "高一13班", "data": "-", "class": ""},
                {"road": "3", "name": "高一5班", "data": "-", "class": ""},
                {"road": "4", "name": "高一7班", "data": "-", "class": ""},
                {"road": "5", "name": "高一15班", "data": "-", "class": ""},
                {"road": "6", "name": "高一10班", "data": "-", "class": ""}
            ],
            
            [
                {"road": "1", "name": "高一16班", "data": "-", "class": ""},
                {"road": "2", "name": "高一4班", "data": "-", "class": ""},
                {"road": "3", "name": "高一1班", "data": "-", "class": ""},
                {"road": "4", "name": "高一12班", "data": "-", "class": ""},
                {"road": "5", "name": "高一2班", "data": "-", "class": ""},
                {"road": "6", "name": "高一14班", "data": "-", "class": ""}
            ],
            
            [
                {"road": "1", "name": "高一11班", "data": "-", "class": ""},
                {"road": "2", "name": "高一9班", "data": "-", "class": ""},
                {"road": "3", "name": "高一3班", "data": "-", "class": ""},
                {"road": "4", "name": "高一6班", "data": "-", "class": ""},
                {"road": "5", "name": "高一17班", "data": "-", "class": ""}
            ]
        ]
    },


    {
        "name": "高一女子组 4x100米接力 预决赛",
        "players": [
            
            [
                {"road": "1", "name": "高一11班", "data": "-", "class": ""},
                {"road": "2", "name": "高一10班", "data": "-", "class": ""},
                {"road": "3", "name": "高一3班", "data": "-", "class": ""},
                {"road": "4", "name": "高一4班", "data": "-", "class": ""},
                {"road": "5", "name": "高一5班", "data": "-", "class": ""},
                {"road": "6", "name": "高一15班", "data": "-", "class": ""}
            ],
            
            [
                {"road": "1", "name": "高一13班", "data": "-", "class": ""},
                {"road": "2", "name": "高一9班", "data": "-", "class": ""},
                {"road": "3", "name": "高一2班", "data": "-", "class": ""},
                {"road": "4", "name": "高一16班", "data": "-", "class": ""},
                {"road": "5", "name": "高一12班", "data": "-", "class": ""},
                {"road": "6", "name": "高一14班", "data": "-", "class": ""}
            ],
            
            [
                {"road": "1", "name": "高一6班", "data": "-", "class": ""},
                {"road": "2", "name": "高一8班", "data": "-", "class": ""},
                {"road": "3", "name": "高一17班", "data": "-", "class": ""},
                {"road": "4", "name": "高一1班", "data": "-", "class": ""},
                {"road": "5", "name": "高一7班", "data": "-", "class": ""}
            ]
        ]
    },


    {
        "name": "高二男子组 4x100米接力 预决赛",
        "players": [
            
            [
                {"road": "1", "name": "高二9班", "data": "-", "class": ""},
                {"road": "2", "name": "高二3班", "data": "-", "class": ""},
                {"road": "3", "name": "高二11班", "data": "-", "class": ""},
                {"road": "4", "name": "高二2班", "data": "-", "class": ""},
                {"road": "5", "name": "高二10班", "data": "-", "class": ""}
            ],
            
            [
                {"road": "1", "name": "高二15班", "data": "-", "class": ""},
                {"road": "2", "name": "高二1班", "data": "-", "class": ""},
                {"road": "3", "name": "高二12班", "data": "-", "class": ""},
                {"road": "4", "name": "高二7班", "data": "-", "class": ""},
                {"road": "5", "name": "高二8班", "data": "-", "class": ""}
            ],
            
            [
                {"road": "1", "name": "高二13班", "data": "-", "class": ""},
                {"road": "2", "name": "高二4班", "data": "-", "class": ""},
                {"road": "3", "name": "高二14班", "data": "-", "class": ""},
                {"road": "4", "name": "高二6班", "data": "-", "class": ""},
                {"road": "5", "name": "高二5班", "data": "-", "class": ""}
            ]
        ]
    },

    {
        "name": "高二女子组 4x100米接力 预决赛",
        "players": [
            
            [
                {"road": "1", "name": "高二15班", "data": "-", "class": ""},
                {"road": "2", "name": "高二8班", "data": "-", "class": ""},
                {"road": "3", "name": "高二3班", "data": "-", "class": ""},
                {"road": "4", "name": "高二13班", "data": "-", "class": ""},
                {"road": "5", "name": "高二11班", "data": "-", "class": ""}
            ],
            
            [
                {"road": "1", "name": "高二4班", "data": "-", "class": ""},
                {"road": "2", "name": "高二1班", "data": "-", "class": ""},
                {"road": "3", "name": "高二7班", "data": "-", "class": ""},
                {"road": "4", "name": "高二5班", "data": "-", "class": ""},
                {"road": "5", "name": "高二12班", "data": "-", "class": ""}
            ],
            
            [

                {"road": "2", "name": "高二2班", "data": "-", "class": ""},
                {"road": "3", "name": "高二6班", "data": "-", "class": ""},
                {"road": "4", "name": "高二14班", "data": "-", "class": ""},
                {"road": "5", "name": "高二10班", "data": "-", "class": ""}
            ]
        ]
    },


    {
        "name": "高三男子组 4x100米接力 预决赛",
        "players": [
            
            [
                {"road": "1", "name": "高三5班", "data": "-", "class": ""},
                {"road": "2", "name": "高三6班", "data": "-", "class": ""},
                {"road": "3", "name": "高三4班", "data": "-", "class": ""},
                {"road": "4", "name": "高三14班", "data": "-", "class": ""},
                {"road": "5", "name": "高三15班", "data": "-", "class": ""},
                {"road": "6", "name": "高三3班", "data": "-", "class": ""}
            ],
            
            [
                {"road": "1", "name": "高三8班", "data": "-", "class": ""},
                {"road": "2", "name": "高三13班", "data": "-", "class": ""},
                {"road": "3", "name": "高三2班", "data": "-", "class": ""},
                {"road": "4", "name": "高三16班", "data": "-", "class": ""},
                {"road": "5", "name": "高三12班", "data": "-", "class": ""}
            ],
            
            [
                {"road": "1", "name": "高三10班", "data": "-", "class": ""},
                {"road": "2", "name": "高三11班", "data": "-", "class": ""},
                {"road": "3", "name": "高三7班", "data": "-", "class": ""},
                {"road": "4", "name": "高三9班", "data": "-", "class": ""},
                {"road": "5", "name": "高三1班", "data": "-", "class": ""}
            ]
        ]
    },

    {
        "name": "高三女子组 4x100米接力 预决赛",
        "players": [
            
            [
                {"road": "1", "name": "高三16班", "data": "-", "class": ""},
                {"road": "2", "name": "高三5班", "data": "-", "class": ""},
                {"road": "3", "name": "高三3班", "data": "-", "class": ""},
                {"road": "4", "name": "高三6班", "data": "-", "class": ""},
                {"road": "5", "name": "高三10班", "data": "-", "class": ""},
                {"road": "6", "name": "高三13班", "data": "-", "class": ""}
            ],
            
            [
                {"road": "1", "name": "高三11班", "data": "-", "class": ""},
                {"road": "2", "name": "高三2班", "data": "-", "class": ""},
                {"road": "3", "name": "高三1班", "data": "-", "class": ""},
                {"road": "4", "name": "高三7班", "data": "-", "class": ""},
                {"road": "5", "name": "高三4班", "data": "-", "class": ""}
            ],
            
            [
                {"road": "1", "name": "高三14班", "data": "-", "class": ""},
                {"road": "2", "name": "高三12班", "data": "-", "class": ""},
                {"road": "3", "name": "高三15班", "data": "-", "class": ""},
                {"road": "4", "name": "高三9班", "data": "-", "class": ""},
                {"road": "5", "name": "高三8班", "data": "-", "class": ""}
            ]
        ]
    },




    {
        "name": "高一男子组 铅球 预决赛",
        "players": [
            [
                    {"road": "1", "name": "吴哲绮", "data": "-", "class": "-"},
                    {"road": "2", "name": "陈嘉禾", "data": "-", "class": "-"},
                    {"road": "3", "name": "叶文辰", "data": "-", "class": "-"},
                    {"road": "4", "name": "陈祖可", "data": "-", "class": "-"},
                    {"road": "5", "name": "林友凡", "data": "-", "class": "-"},
                    {"road": "6", "name": "王跃翔", "data": "-", "class": "-"},

                    {"road": "7", "name": "陈恩霖", "data": "-", "class": "-"},
                    {"road": "8", "name": "张宏勋", "data": "-", "class": "-"},
                    {"road": "9", "name": "严旭辉", "data": "-", "class": "-"},
                    {"road": "10", "name": "黄天昊", "data": "-", "class": "-"},
                    {"road": "11", "name": "林乔木", "data": "-", "class": "-"},
                    {"road": "12", "name": "王鸿涛", "data": "-", "class": "-"},

                    {"road": "13", "name": "陈天鸿", "data": "-", "class": "-"},
                    {"road": "14", "name": "陈星池", "data": "-", "class": "-"},
                    {"road": "15", "name": "王家淇", "data": "-", "class": "-"},
                    {"road": "16", "name": "鄢润涛", "data": "-", "class": "-"},
                    {"road": "17", "name": "林善耀", "data": "-", "class": "-"},
                    {"road": "18", "name": "林子涵", "data": "-", "class": "-"},

                    {"road": "19", "name": "肖鑫海", "data": "-", "class": "-"},
                    {"road": "20", "name": "胡竣皓", "data": "-", "class": "-"}
                ]
        ]
    },

    {
        "name": "高一女子组  跳高  预决赛",
        "players": [
            [
                {"road": "1", "name": "陈琳烨", "data": "-", "class": "-"},
                {"road": "2", "name": "郑偌霖", "data": "-", "class": "-"},
                {"road": "3", "name": "陈笑潇", "data": "-", "class": "-"},
                {"road": "4", "name": "林梦菲", "data": "-", "class": "-"}
            ]
        ]
    },

    {
        "name": "高二男子组  跳远  预决赛",
        "players": [
            [
                {"road": "1", "name": "彭宣然", "data": "-", "class": "-"},
                {"road": "2", "name": "吴起弦", "data": "-", "class": "-"},
                {"road": "3", "name": "鄢仁盛", "data": "-", "class": "-"},
                {"road": "4", "name": "郑宇轩", "data": "-", "class": "-"},
                {"road": "5", "name": "李毅丞", "data": "-", "class": "-"},
                {"road": "6", "name": "魏才智", "data": "-", "class": "-"},

                {"road": "7", "name": "陈俊昊", "data": "-", "class": "-"},
                {"road": "8", "name": "黄君灏", "data": "-", "class": "-"},
                {"road": "9", "name": "薛柏炀", "data": "-", "class": "-"},
                {"road": "10", "name": "杨展滔", "data": "-", "class": "-"},
                {"road": "11", "name": "陈禹锟", "data": "-", "class": "-"},
                {"road": "12", "name": "曾伟豪", "data": "-", "class": "-"},

                {"road": "13", "name": "陈诗宇", "data": "-", "class": "-"},
                {"road": "14", "name": "陈良俊", "data": "-", "class": "-"},
                {"road": "15", "name": "吴柏贤", "data": "-", "class": "-"},
                {"road": "16", "name": "李智昕", "data": "-", "class": "-"},
                {"road": "17", "name": "龚正轩", "data": "-", "class": "-"},
                {"road": "18", "name": "陈伟豪", "data": "-", "class": "-"},

                {"road": "19", "name": "王辰楠", "data": "-", "class": "-"},
                {"road": "20", "name": "欧鑫桐", "data": "-", "class": "-"},
                {"road": "21", "name": "林子焜", "data": "-", "class": "-"},
                {"road": "22", "name": "刘宸睿", "data": "-", "class": "-"},
                {"road": "23", "name": "欧阳行远", "data": "-", "class": "-"},
                {"road": "24", "name": "陈子和", "data": "-", "class": "-"},

                {"road": "25", "name": "孙境远", "data": "-", "class": "-"},
                {"road": "26", "name": "陈墨轩", "data": "-", "class": "-"},
                {"road": "27", "name": "郑皓桐", "data": "-", "class": "-"}
            ]
        ]
    }


]



