{
  "name": "高三女子组 100米 预赛",
  "players": [
    [
      {
        "road": "1",
        "name": "蓝越",
        "data": "-",
        "class": ""
      },
      {
        "road": "2",
        "name": "林鑫淼",
        "data": "-",
        "class": ""
      },
      {
        "road": "3",
        "name": "刘以茉",
        "data": "-",
        "class": ""
      },
      {
        "road": "4",
        "name": "张思琪",
        "data": "-",
        "class": ""
      },
      {
        "road": "5",
        "name": "林南希",
        "data": "-",
        "class": ""
      }
    ],
    [
      {
        "road": "1",
        "name": "詹雨涵",
        "data": "-",
        "class": ""
      },
      {
        "road": "2",
        "name": "黄慧函",
        "data": "-",
        "class": ""
      },
      {
        "road": "3",
        "name": "郭锦雯",
        "data": "-",
        "class": ""
      },
      {
        "road": "4",
        "name": "郑佳怡",
        "data": "-",
        "class": ""
      },
      {
        "road": "5",
        "name": "林佳梦",
        "data": "-",
        "class": ""
      }
    ]
  ]
}