{
  "name": "高三男子组 100米 预赛",
  "players": [
    [
      {
        "road": "1",
        "name": "王垚彬",
        "data": "-",
        "class": ""
      },
      {
        "road": "2",
        "name": "李晨",
        "data": "-",
        "class": ""
      },
      {
        "road": "3",
        "name": "黄家铭",
        "data": "-",
        "class": ""
      },
      {
        "road": "4",
        "name": "柯南",
        "data": "-",
        "class": ""
      },
      {
        "road": "5",
        "name": "卢锐羽",
        "data": "-",
        "class": ""
      },
      {
        "road": "6",
        "name": "胡致昊",
        "data": "-",
        "class": ""
      }
    ],
    [
      {
        "road": "1",
        "name": "林涛",
        "data": "-",
        "class": ""
      },
      {
        "road": "2",
        "name": "许翔",
        "data": "-",
        "class": ""
      },
      {
        "road": "3",
        "name": "魏楷燃",
        "data": "-",
        "class": ""
      },
      {
        "road": "4",
        "name": "刘正枨",
        "data": "-",
        "class": ""
      },
      {
        "road": "5",
        "name": "潘熙阳",
        "data": "-",
        "class": ""
      },
      {
        "road": "6",
        "name": "陈俊懋",
        "data": "-",
        "class": ""
      }
    ],
    [
      {
        "road": "1",
        "name": "周佳锜",
        "data": "-",
        "class": ""
      },
      {
        "road": "2",
        "name": "倪正行",
        "data": "-",
        "class": ""
      },
      {
        "road": "3",
        "name": "何其乐",
        "data": "-",
        "class": ""
      },
      {
        "road": "4",
        "name": "章志瀚",
        "data": "-",
        "class": ""
      },
      {
        "road": "5",
        "name": "王楚彬",
        "data": "-",
        "class": ""
      },
      {
        "road": "6",
        "name": "陈冠泽",
        "data": "-",
        "class": ""
      }
    ]
  ]
}