{
  "name": "高二男子组 400米 预决赛",
  "players": [
    [
      {
        "road": "1",
        "name": "卓景华",
        "data": "-",
        "class": ""
      },
      {
        "road": "2",
        "name": "方宇辰",
        "data": "-",
        "class": ""
      },
      {
        "road": "3",
        "name": "欧阳行远",
        "data": "-",
        "class": ""
      },
      {
        "road": "4",
        "name": "林俊卓",
        "data": "-",
        "class": ""
      },
      {
        "road": "5",
        "name": "严文章",
        "data": "-",
        "class": ""
      }
    ],
    [
      {
        "road": "1",
        "name": "王嘉鑫",
        "data": "-",
        "class": ""
      },
      {
        "road": "2",
        "name": "阙锦彬",
        "data": "-",
        "class": ""
      },
      {
        "road": "3",
        "name": "李德曦",
        "data": "-",
        "class": ""
      },
      {
        "road": "4",
        "name": "周胤霖",
        "data": "-",
        "class": ""
      },
      {
        "road": "5",
        "name": "朱建波",
        "data": "-",
        "class": ""
      }
    ]
  ]
}