{
  "name": "高一男子组 400米 预决赛",
  "players": [
    [
      {
        "road": "1",
        "name": "陈博林",
        "data": "-",
        "class": ""
      },
      {
        "road": "2",
        "name": "林子睿",
        "data": "-",
        "class": ""
      },
      {
        "road": "3",
        "name": "范睿图",
        "data": "-",
        "class": ""
      },
      {
        "road": "4",
        "name": "吴尚泽",
        "data": "-",
        "class": ""
      },
      {
        "road": "5",
        "name": "陈建希",
        "data": "-",
        "class": ""
      },
      {
        "road": "6",
        "name": "黄宏懿",
        "data": "-",
        "class": ""
      }
    ],
    [
      {
        "road": "1",
        "name": "黄佳楷",
        "data": "-",
        "class": ""
      },
      {
        "road": "2",
        "name": "王家淇",
        "data": "-",
        "class": ""
      },
      {
        "road": "3",
        "name": "雷盛霖",
        "data": "-",
        "class": ""
      },
      {
        "road": "4",
        "name": "陈晋赫",
        "data": "-",
        "class": ""
      },
      {
        "road": "5",
        "name": "张宏勋",
        "data": "-",
        "class": ""
      },
      {
        "road": "6",
        "name": "孙永昊",
        "data": "-",
        "class": ""
      }
    ],
    [
      {
        "road": "1",
        "name": "雷友涵",
        "data": "-",
        "class": ""
      },
      {
        "road": "2",
        "name": "林锦灿",
        "data": "-",
        "class": ""
      },
      {
        "road": "3",
        "name": "程志滔",
        "data": "-",
        "class": ""
      },
      {
        "road": "4",
        "name": "李宗道",
        "data": "-",
        "class": ""
      },
      {
        "road": "5",
        "name": "郑详淏",
        "data": "-",
        "class": ""
      }
    ],
    [
      {
        "road": "1",
        "name": "黄守鑫",
        "data": "-",
        "class": ""
      },
      {
        "road": "2",
        "name": "刘赋洋",
        "data": "-",
        "class": ""
      },
      {
        "road": "3",
        "name": "洪安晟",
        "data": "-",
        "class": ""
      },
      {
        "road": "4",
        "name": "柯咏浩",
        "data": "-",
        "class": ""
      },
      {
        "road": "5",
        "name": "陈星池",
        "data": "-",
        "class": ""
      }
    ],
    [
      {
        "road": "1",
        "name": "林昕豪",
        "data": "-",
        "class": ""
      },
      {
        "road": "2",
        "name": "兰恩奇",
        "data": "-",
        "class": ""
      },
      {
        "road": "3",
        "name": "唐家林",
        "data": "-",
        "class": ""
      },
      {
        "road": "4",
        "name": "蔡宜硕",
        "data": "-",
        "class": ""
      },
      {
        "road": "5",
        "name": "陈浩桐",
        "data": "-",
        "class": ""
      }
    ]
  ]
}