{
  "name": "高二女子组 100米 预赛",
  "players": [
    [
      {
        "road": "1",
        "name": "沈金茹",
        "data": "-",
        "class": ""
      },
      {
        "road": "2",
        "name": "陈昱涵",
        "data": "-",
        "class": ""
      },
      {
        "road": "3",
        "name": "林玥言",
        "data": "-",
        "class": ""
      },
      {
        "road": "4",
        "name": "潘乔欣",
        "data": "-",
        "class": ""
      },
      {
        "road": "5",
        "name": "上官梦媛",
        "data": "-",
        "class": ""
      },
      {
        "road": "6",
        "name": "黄芊梦",
        "data": "-",
        "class": ""
      }
    ],
    [
      {
        "road": "1",
        "name": "叶铭慧",
        "data": "-",
        "class": ""
      },
      {
        "road": "2",
        "name": "林梦琦",
        "data": "-",
        "class": ""
      },
      {
        "road": "3",
        "name": "傅秋阳",
        "data": "-",
        "class": ""
      },
      {
        "road": "4",
        "name": "陈韫琪",
        "data": "-",
        "class": ""
      },
      {
        "road": "5",
        "name": "郑羽桐",
        "data": "-",
        "class": ""
      }
    ],
    [
      {
        "road": "1",
        "name": "邓予翕",
        "data": "-",
        "class": ""
      },
      {
        "road": "2",
        "name": "许佳琳",
        "data": "-",
        "class": ""
      },
      {
        "road": "3",
        "name": "宋全美",
        "data": "-",
        "class": ""
      },
      {
        "road": "4",
        "name": "吴钧琳",
        "data": "-",
        "class": ""
      },
      {
        "road": "5",
        "name": "薛雯萱",
        "data": "-",
        "class": ""
      }
    ]
  ]
}