{
  "name": "高一女子组 100米 预赛",
  "players": [
    [
      {
        "road": "1",
        "name": "王嘉颖",
        "data": "-",
        "class": ""
      },
      {
        "road": "2",
        "name": "吴芷静",
        "data": "-",
        "class": ""
      },
      {
        "road": "3",
        "name": "李欣妍",
        "data": "-",
        "class": ""
      },
      {
        "road": "4",
        "name": "邓艺焓",
        "data": "-",
        "class": ""
      },
      {
        "road": "5",
        "name": "郭芮涵",
        "data": "-",
        "class": ""
      }
    ],
    [
      {
        "road": "1",
        "name": "许芸菲",
        "data": "-",
        "class": ""
      },
      {
        "road": "2",
        "name": "陈若汐",
        "data": "-",
        "class": ""
      },
      {
        "road": "3",
        "name": "傅诗雨",
        "data": "-",
        "class": ""
      },
      {
        "road": "4",
        "name": "张钰婕",
        "data": "-",
        "class": ""
      },
      {
        "road": "5",
        "name": "李惟朵",
        "data": "-",
        "class": ""
      }
    ],
    [
      {
        "road": "1",
        "name": "陈语砚",
        "data": "-",
        "class": ""
      },
      {
        "road": "2",
        "name": "郑昕彤",
        "data": "-",
        "class": ""
      },
      {
        "road": "3",
        "name": "林子涵",
        "data": "-",
        "class": ""
      },
      {
        "road": "4",
        "name": "吴佳雯",
        "data": "-",
        "class": ""
      },
      {
        "road": "5",
        "name": "吴紫玲",
        "data": "-",
        "class": ""
      }
    ],
    [
      {
        "road": "1",
        "name": "null",
        "data": "-",
        "class": ""
      },
      {
        "road": "2",
        "name": "吕怡闽",
        "data": "-",
        "class": ""
      },
      {
        "road": "3",
        "name": "许思铭",
        "data": "-",
        "class": ""
      },
      {
        "road": "4",
        "name": "张妍",
        "data": "-",
        "class": ""
      },
      {
        "road": "5",
        "name": "朱锦华",
        "data": "-",
        "class": ""
      }
    ]
  ]
}