{
  "name": "高一女子组 400米 预决赛",
  "players": [
    [
      {
        "road": "2",
        "name": "洪之暄",
        "data": "-",
        "class": ""
      },
      {
        "road": "3",
        "name": "朱锦洁",
        "data": "-",
        "class": ""
      },
      {
        "road": "4",
        "name": "唐煊",
        "data": "-",
        "class": ""
      },
      {
        "road": "5",
        "name": "陈笑潇",
        "data": "-",
        "class": ""
      }
    ],
    [
      {
        "road": "2",
        "name": "付锦蕾",
        "data": "-",
        "class": ""
      },
      {
        "road": "3",
        "name": "张钰婕",
        "data": "-",
        "class": ""
      },
      {
        "road": "4",
        "name": "沈钰涵",
        "data": "-",
        "class": ""
      },
      {
        "road": "5",
        "name": "陈羽祺",
        "data": "-",
        "class": ""
      }
    ]
  ]
}