{
  "name": "高二男子组 100米 预赛",
  "players": [
    [
      {
        "road": "1",
        "name": "李智昕",
        "data": "-",
        "class": ""
      },
      {
        "road": "2",
        "name": "倪睿康",
        "data": "-",
        "class": ""
      },
      {
        "road": "3",
        "name": "郑斯腾",
        "data": "-",
        "class": ""
      },
      {
        "road": "4",
        "name": "王奕钱",
        "data": "-",
        "class": ""
      },
      {
        "road": "5",
        "name": "王新琳",
        "data": "-",
        "class": ""
      },
      {
        "road": "6",
        "name": "许宸硕",
        "data": "-",
        "class": ""
      }
    ],
    [
      {
        "road": "1",
        "name": "黄宏彬",
        "data": "-",
        "class": ""
      },
      {
        "road": "2",
        "name": "薛柏炀",
        "data": "-",
        "class": ""
      },
      {
        "road": "3",
        "name": "卓景华",
        "data": "-",
        "class": ""
      },
      {
        "road": "4",
        "name": "陈子豪",
        "data": "-",
        "class": ""
      },
      {
        "road": "5",
        "name": "周胤霖",
        "data": "-",
        "class": ""
      },
      {
        "road": "6",
        "name": "陈泽也",
        "data": "-",
        "class": ""
      }
    ],
    [
      {
        "road": "1",
        "name": "曾炜峰",
        "data": "-",
        "class": ""
      },
      {
        "road": "2",
        "name": "陈诺霖",
        "data": "-",
        "class": ""
      },
      {
        "road": "3",
        "name": "陈杰奇",
        "data": "-",
        "class": ""
      },
      {
        "road": "4",
        "name": "陈子睿",
        "data": "-",
        "class": ""
      },
      {
        "road": "5",
        "name": "王嘉鑫",
        "data": "-",
        "class": ""
      }
    ],
    [
      {
        "road": "1",
        "name": "王辰楠",
        "data": "-",
        "class": ""
      },
      {
        "road": "2",
        "name": "李德曦",
        "data": "-",
        "class": ""
      },
      {
        "road": "3",
        "name": "黄润锋",
        "data": "-",
        "class": ""
      },
      {
        "road": "4",
        "name": "倪炙轩",
        "data": "-",
        "class": ""
      },
      {
        "road": "5",
        "name": "林俊卓",
        "data": "-",
        "class": ""
      }
    ]
  ]
}