{
  "name": "高一男子组 100米 预赛",
  "players": [
    [
      {
        "road": "1",
        "name": "李宥熹",
        "data": "-",
        "class": ""
      },
      {
        "road": "2",
        "name": "丘天",
        "data": "-",
        "class": ""
      },
      {
        "road": "3",
        "name": "林柏喆",
        "data": "-",
        "class": ""
      },
      {
        "road": "4",
        "name": "毛盾",
        "data": "-",
        "class": ""
      },
      {
        "road": "5",
        "name": "张哲豪",
        "data": "-",
        "class": ""
      },
      {
        "road": "6",
        "name": "陈哲锐",
        "data": "-",
        "class": ""
      }
    ],
    [
      {
        "road": "1",
        "name": "林琢程",
        "data": "-",
        "class": ""
      },
      {
        "road": "2",
        "name": "王墨迪",
        "data": "-",
        "class": ""
      },
      {
        "road": "3",
        "name": "吴博晗",
        "data": "-",
        "class": ""
      },
      {
        "road": "4",
        "name": "林焌豪",
        "data": "-",
        "class": ""
      },
      {
        "road": "5",
        "name": "黄家兴",
        "data": "-",
        "class": ""
      },
      {
        "road": "6",
        "name": "程志滔",
        "data": "-",
        "class": ""
      }
    ],
    [
      {
        "road": "1",
        "name": "陈睿哲",
        "data": "-",
        "class": ""
      },
      {
        "road": "2",
        "name": "林俊炜",
        "data": "-",
        "class": ""
      },
      {
        "road": "3",
        "name": "张艺哲",
        "data": "-",
        "class": ""
      },
      {
        "road": "4",
        "name": "刘凯烨",
        "data": "-",
        "class": ""
      },
      {
        "road": "5",
        "name": "孙永昊",
        "data": "-",
        "class": ""
      },
      {
        "road": "6",
        "name": "卢隽祺",
        "data": "-",
        "class": ""
      }
    ],
    [
      {
        "road": "1",
        "name": "陈天骏",
        "data": "-",
        "class": ""
      },
      {
        "road": "2",
        "name": "陈浩桐",
        "data": "-",
        "class": ""
      },
      {
        "road": "3",
        "name": "郑浩霖",
        "data": "-",
        "class": ""
      },
      {
        "road": "4",
        "name": "祝超",
        "data": "-",
        "class": ""
      },
      {
        "road": "5",
        "name": "黄越",
        "data": "-",
        "class": ""
      },
      {
        "road": "6",
        "name": "简熙涵",
        "data": "-",
        "class": ""
      }
    ],
    [
      {
        "road": "1",
        "name": "江星毅",
        "data": "-",
        "class": ""
      },
      {
        "road": "2",
        "name": "许皓珉",
        "data": "-",
        "class": ""
      },
      {
        "road": "3",
        "name": "蔡宸轩",
        "data": "-",
        "class": ""
      },
      {
        "road": "4",
        "name": "鄢润涛",
        "data": "-",
        "class": ""
      },
      {
        "road": "5",
        "name": "温泽睿",
        "data": "-",
        "class": ""
      },
      {
        "road": "6",
        "name": "程德华",
        "data": "-",
        "class": ""
      }
    ],
    [
      {
        "road": "1",
        "name": "林昕豪",
        "data": "-",
        "class": ""
      },
      {
        "road": "2",
        "name": "严旭辉",
        "data": "-",
        "class": ""
      },
      {
        "road": "3",
        "name": "陈柏延",
        "data": "-",
        "class": ""
      },
      {
        "road": "4",
        "name": "林乔木",
        "data": "-",
        "class": ""
      },
      {
        "road": "5",
        "name": "陈于思",
        "data": "-",
        "class": ""
      }
    ]
  ]
}