{
  "name": "高三男子组 400米 预决赛",
  "players": [
    [
      {
        "road": "1",
        "name": "刘家祺",
        "data": "-",
        "class": ""
      },
      {
        "road": "2",
        "name": "胡序言",
        "data": "-",
        "class": ""
      },
      {
        "road": "3",
        "name": "徐佳康",
        "data": "-",
        "class": ""
      },
      {
        "road": "4",
        "name": "陈俊懋",
        "data": "-",
        "class": ""
      },
      {
        "road": "5",
        "name": "林健波",
        "data": "-",
        "class": ""
      }
    ],
    [
      {
        "road": "1",
        "name": "曾子瀚",
        "data": "-",
        "class": ""
      },
      {
        "road": "2",
        "name": "丁跃翔",
        "data": "-",
        "class": ""
      },
      {
        "road": "3",
        "name": "黄宇轩",
        "data": "-",
        "class": ""
      },
      {
        "road": "4",
        "name": "伊圣航",
        "data": "-",
        "class": ""
      },
      {
        "road": "5",
        "name": "陈翊",
        "data": "-",
        "class": ""
      }
    ],
    [
      {
        "road": "2",
        "name": "宋智闻",
        "data": "-",
        "class": ""
      },
      {
        "road": "3",
        "name": "傅博文",
        "data": "-",
        "class": ""
      },
      {
        "road": "4",
        "name": "李晨",
        "data": "-",
        "class": ""
      },
      {
        "road": "5",
        "name": "刘旭睿",
        "data": "-",
        "class": ""
      }
    ]
  ]
}