{
  "name": "高三女子组 400米 预决赛",
  "players": [
    [
      {
        "road": "1",
        "name": "郑亦婷",
        "data": "-",
        "class": ""
      },
      {
        "road": "2",
        "name": "朱枢弋",
        "data": "-",
        "class": ""
      },
      {
        "road": "3",
        "name": "梁心妍",
        "data": "-",
        "class": ""
      },
      {
        "road": "4",
        "name": "戴月宸",
        "data": "-",
        "class": ""
      },
      {
        "road": "5",
        "name": "廖珊妮",
        "data": "-",
        "class": ""
      }
    ]
  ]
}