{
  "name": "高二女子组 400米 预决赛",
  "players": [
    [
      {
        "road": "2",
        "name": "鲍妍宇",
        "data": "-",
        "class": ""
      },
      {
        "road": "3",
        "name": "邹羽佳",
        "data": "-",
        "class": ""
      },
      {
        "road": "4",
        "name": "关瑞涛",
        "data": "-",
        "class": ""
      },
      {
        "road": "5",
        "name": "黄梦雪",
        "data": "-",
        "class": ""
      }
    ]
  ]
}