{
  "name": "高二男子组 三级跳远 预决赛",
  "players": [
    [
      {
        "road": "1",
        "name": "洪彦彬",
        "data": "-",
        "class": ""
      },
      {
        "road": "2",
        "name": "李隆琨",
        "data": "-",
        "class": ""
      },
      {
        "road": "3",
        "name": "杨展滔",
        "data": "-",
        "class": ""
      },
      {
        "road": "4",
        "name": "张熙",
        "data": "-",
        "class": ""
      },
      {
        "road": "5",
        "name": "郑哲恺",
        "data": "-",
        "class": ""
      },
      {
        "road": "6",
        "name": "叶铭垚",
        "data": "-",
        "class": ""
      },
      {
        "road": "7",
        "name": "陈禹锟",
        "data": "-",
        "class": ""
      },
      {
        "road": "8",
        "name": "郑宇轩",
        "data": "-",
        "class": ""
      },
      {
        "road": "9",
        "name": "刘宸睿",
        "data": "-",
        "class": ""
      },
      {
        "road": "10",
        "name": "龚正轩",
        "data": "-",
        "class": ""
      },
      {
        "road": "11",
        "name": "陈伟豪",
        "data": "-",
        "class": ""
      },
      {
        "road": "12",
        "name": "康纹夺",
        "data": "-",
        "class": ""
      },
      {
        "road": "13",
        "name": "肖杨",
        "data": "-",
        "class": ""
      },
      {
        "road": "14",
        "name": "李浩轩",
        "data": "-",
        "class": ""
      },
      {
        "road": "15",
        "name": "孙铭辰",
        "data": "-",
        "class": ""
      },
      {
        "road": "16",
        "name": "王俊阳",
        "data": "-",
        "class": ""
      }
    ]
  ]
}