{
  "name": "高三男子组 三级跳远 预决赛",
  "players": [
    [
      {
        "road": "1",
        "name": "宋智闻",
        "data": "-",
        "class": ""
      },
      {
        "road": "2",
        "name": "朱李行正",
        "data": "-",
        "class": ""
      },
      {
        "road": "3",
        "name": "李亦轩",
        "data": "-",
        "class": ""
      },
      {
        "road": "4",
        "name": "翁财旭",
        "data": "-",
        "class": ""
      },
      {
        "road": "5",
        "name": "江皓然",
        "data": "-",
        "class": ""
      },
      {
        "road": "6",
        "name": "庄原",
        "data": "-",
        "class": ""
      },
      {
        "road": "7",
        "name": "丁跃翔",
        "data": "-",
        "class": ""
      },
      {
        "road": "8",
        "name": "陈冠华",
        "data": "-",
        "class": ""
      },
      {
        "road": "9",
        "name": "束云飞",
        "data": "-",
        "class": ""
      },
      {
        "road": "10",
        "name": "林羿鸣",
        "data": "-",
        "class": ""
      },
      {
        "road": "11",
        "name": "张书剑",
        "data": "-",
        "class": ""
      },
      {
        "road": "12",
        "name": "魏廷",
        "data": "-",
        "class": ""
      },
      {
        "road": "13",
        "name": "付祺宇",
        "data": "-",
        "class": ""
      },
      {
        "road": "14",
        "name": "姜伟鹏",
        "data": "-",
        "class": ""
      },
      {
        "road": "15",
        "name": "吴柏函",
        "data": "-",
        "class": ""
      },
      {
        "road": "16",
        "name": "林健波",
        "data": "-",
        "class": ""
      },
      {
        "road": "17",
        "name": "肖学勋",
        "data": "-",
        "class": ""
      },
      {
        "road": "18",
        "name": "严承天",
        "data": "-",
        "class": ""
      },
      {
        "road": "19",
        "name": "张弘毅",
        "data": "-",
        "class": ""
      },
      {
        "road": "20",
        "name": "陈子利",
        "data": "-",
        "class": ""
      }
    ]
  ]
}