{
  "name": "高三女子 跳远 预决赛",
  "players": [
    [
      {
        "road": "1",
        "name": "周曼馨",
        "data": "-",
        "class": ""
      },
      {
        "road": "2",
        "name": "魏佳仪",
        "data": "-",
        "class": ""
      },
      {
        "road": "3",
        "name": "黄可丰",
        "data": "-",
        "class": ""
      },
      {
        "road": "4",
        "name": "林佳梦",
        "data": "-",
        "class": ""
      },
      {
        "road": "5",
        "name": "林姿彤",
        "data": "-",
        "class": ""
      },
      {
        "road": "6",
        "name": "林晓晗",
        "data": "-",
        "class": ""
      },
      {
        "road": "7",
        "name": "林妍",
        "data": "-",
        "class": ""
      },
      {
        "road": "8",
        "name": "张译丹",
        "data": "-",
        "class": ""
      },
      {
        "road": "9",
        "name": "郑佳怡",
        "data": "-",
        "class": ""
      },
      {
        "road": "10",
        "name": "刘心一",
        "data": "-",
        "class": ""
      },
      {
        "road": "11",
        "name": "黄雅淳",
        "data": "-",
        "class": ""
      },
      {
        "road": "12",
        "name": "林昕怡",
        "data": "-",
        "class": ""
      }
    ]
  ]
}