{
  "name": "高一男子组 跳高 预决赛",
  "players": [
    [
      {
        "road": "1",
        "name": "翁子涵",
        "data": "-",
        "class": ""
      },
      {
        "road": "2",
        "name": "林宇轩",
        "data": "-",
        "class": ""
      },
      {
        "road": "3",
        "name": "李君恒",
        "data": "-",
        "class": ""
      },
      {
        "road": "4",
        "name": "唐家林",
        "data": "-",
        "class": ""
      },
      {
        "road": "5",
        "name": "周榕浠",
        "data": "-",
        "class": ""
      },
      {
        "road": "6",
        "name": "潘文杰",
        "data": "-",
        "class": ""
      },
      {
        "road": "7",
        "name": "李浩宇",
        "data": "-",
        "class": ""
      },
      {
        "road": "8",
        "name": "陈博林",
        "data": "-",
        "class": ""
      },
      {
        "road": "9",
        "name": "陈哲锐",
        "data": "-",
        "class": ""
      },
      {
        "road": "10",
        "name": "蔡逸飞",
        "data": "-",
        "class": ""
      },
      {
        "road": "11",
        "name": "付隆倪",
        "data": "-",
        "class": ""
      },
      {
        "road": "12",
        "name": "林子涵",
        "data": "-",
        "class": ""
      },
      {
        "road": "13",
        "name": "王跃翔",
        "data": "-",
        "class": ""
      },
      {
        "road": "14",
        "name": "林宇翔",
        "data": "-",
        "class": ""
      },
      {
        "road": "15",
        "name": "黄梓翔",
        "data": "-",
        "class": ""
      },
      {
        "road": "16",
        "name": "陈诺林",
        "data": "-",
        "class": ""
      },
      {
        "road": "17",
        "name": "林志丰",
        "data": "-",
        "class": ""
      },
      {
        "road": "18",
        "name": "陈冕",
        "data": "-",
        "class": ""
      },
      {
        "road": "19",
        "name": "周晨",
        "data": "-",
        "class": ""
      },
      {
        "road": "20",
        "name": "余根恺",
        "data": "-",
        "class": ""
      }
    ]
  ]
}