{
  "name": "高一女子 铅球 预决赛",
  "players": [
    [
      {
        "road": "1",
        "name": "胡久莉",
        "data": "-",
        "class": ""
      },
      {
        "road": "2",
        "name": "林子涵",
        "data": "-",
        "class": ""
      },
      {
        "road": "3",
        "name": "程诺",
        "data": "-",
        "class": ""
      },
      {
        "road": "4",
        "name": "郑偌霖",
        "data": "-",
        "class": ""
      },
      {
        "road": "5",
        "name": "罗熠晨",
        "data": "-",
        "class": ""
      },
      {
        "road": "6",
        "name": "樊雨萱",
        "data": "-",
        "class": ""
      },
      {
        "road": "7",
        "name": "邱语",
        "data": "-",
        "class": ""
      },
      {
        "road": "8",
        "name": "邱嘉煜",
        "data": "-",
        "class": ""
      },
      {
        "road": "9",
        "name": "黄琦雯",
        "data": "-",
        "class": ""
      },
      {
        "road": "10",
        "name": "易姝瑶",
        "data": "-",
        "class": ""
      },
      {
        "road": "11",
        "name": "谢烨萱",
        "data": "-",
        "class": ""
      },
      {
        "road": "12",
        "name": "程亦孜",
        "data": "-",
        "class": ""
      }
    ]
  ]
}