{
  "name": "高一男子组 1500米 预决赛",
  "players": [
    [
      {
        "road": "1",
        "name": "陈优晟",
        "data": "-",
        "class": ""
      },
      {
        "road": "2",
        "name": "吴植",
        "data": "-",
        "class": ""
      },
      {
        "road": "3",
        "name": "林善耀",
        "data": "-",
        "class": ""
      },
      {
        "road": "4",
        "name": "雷友涵",
        "data": "-",
        "class": ""
      },
      {
        "road": "5",
        "name": "吴尚泽",
        "data": "-",
        "class": ""
      },
      {
        "road": "6",
        "name": "雷盛霖",
        "data": "-",
        "class": ""
      },
      {
        "road": "7",
        "name": "林子淘",
        "data": "-",
        "class": ""
      },
      {
        "road": "8",
        "name": "郑明轶",
        "data": "-",
        "class": ""
      },
      {
        "road": "9",
        "name": "姜来",
        "data": "-",
        "class": ""
      },
      {
        "road": "10",
        "name": "余根恺",
        "data": "-",
        "class": ""
      },
      {
        "road": "11",
        "name": "柯知涵",
        "data": "-",
        "class": ""
      },
      {
        "road": "12",
        "name": "郑智宸",
        "data": "-",
        "class": ""
      },
      {
        "road": "13",
        "name": "陈梓豪",
        "data": "-",
        "class": ""
      },
      {
        "road": "14",
        "name": "谢德仁",
        "data": "-",
        "class": ""
      },
      {
        "road": "15",
        "name": "李君恒",
        "data": "-",
        "class": ""
      },
      {
        "road": "16",
        "name": "唐博宇",
        "data": "-",
        "class": ""
      },
      {
        "road": "17",
        "name": "刘赋洋",
        "data": "-",
        "class": ""
      },
      {
        "road": "18",
        "name": "陈晟铭",
        "data": "-",
        "class": ""
      },
      {
        "road": "19",
        "name": "郑诗永",
        "data": "-",
        "class": ""
      },
      {
        "road": "20",
        "name": "肖鑫海",
        "data": "-",
        "class": ""
      },
      {
        "road": "21",
        "name": "李浩宇",
        "data": "-",
        "class": ""
      },
      {
        "road": "22",
        "name": "周晨",
        "data": "-",
        "class": ""
      },
      {
        "road": "23",
        "name": "简熙涵",
        "data": "-",
        "class": ""
      },
      {
        "road": "24",
        "name": "林铭予",
        "data": "-",
        "class": ""
      },
      {
        "road": "25",
        "name": "林锦灿",
        "data": "-",
        "class": ""
      }
    ]
  ]
}