{
  "name": "高二男子组 1500米 预决赛",
  "players": [
    [
      {
        "road": "1",
        "name": "林子辰",
        "data": "-",
        "class": ""
      },
      {
        "road": "2",
        "name": "江嘉森",
        "data": "-",
        "class": ""
      },
      {
        "road": "3",
        "name": "康纹夺",
        "data": "-",
        "class": ""
      },
      {
        "road": "4",
        "name": "郑显辉",
        "data": "-",
        "class": ""
      },
      {
        "road": "5",
        "name": "沈楠",
        "data": "-",
        "class": ""
      },
      {
        "road": "6",
        "name": "郑伊健",
        "data": "-",
        "class": ""
      },
      {
        "road": "7",
        "name": "翁楚霖",
        "data": "-",
        "class": ""
      },
      {
        "road": "8",
        "name": "凌伟庭",
        "data": "-",
        "class": ""
      },
      {
        "road": "9",
        "name": "李毅丞",
        "data": "-",
        "class": ""
      },
      {
        "road": "10",
        "name": "郑晧文",
        "data": "-",
        "class": ""
      },
      {
        "road": "11",
        "name": "吴昭帅",
        "data": "-",
        "class": ""
      },
      {
        "road": "12",
        "name": "顾柯",
        "data": "-",
        "class": ""
      },
      {
        "road": "13",
        "name": "朱建波",
        "data": "-",
        "class": ""
      },
      {
        "road": "14",
        "name": "陈富麾",
        "data": "-",
        "class": ""
      },
      {
        "road": "15",
        "name": "林昊成",
        "data": "-",
        "class": ""
      },
      {
        "road": "16",
        "name": "陈铭程",
        "data": "-",
        "class": ""
      },
      {
        "road": "17",
        "name": "肖杨",
        "data": "-",
        "class": ""
      },
      {
        "road": "18",
        "name": "魏才智",
        "data": "-",
        "class": ""
      }
    ]
  ]
}