{
  "name": "高一女子组 1500米 预决赛",
  "players": [
    [
      {
        "road": "1",
        "name": "余妍慧",
        "data": "-",
        "class": ""
      },
      {
        "road": "2",
        "name": "吴紫玲",
        "data": "-",
        "class": ""
      },
      {
        "road": "3",
        "name": "陈洛琪",
        "data": "-",
        "class": ""
      },
      {
        "road": "4",
        "name": "傅诗涵",
        "data": "-",
        "class": ""
      }
    ]
  ]
}