{
  "name": "高三男子组 1500米 预决赛",
  "players": [
    [
      {
        "road": "1",
        "name": "杨智超",
        "data": "-",
        "class": ""
      },
      {
        "road": "2",
        "name": "倪正行",
        "data": "-",
        "class": ""
      },
      {
        "road": "3",
        "name": "刘正枨",
        "data": "-",
        "class": ""
      },
      {
        "road": "4",
        "name": "伊圣航",
        "data": "-",
        "class": ""
      },
      {
        "road": "5",
        "name": "高子翔",
        "data": "-",
        "class": ""
      },
      {
        "road": "6",
        "name": "卓方正",
        "data": "-",
        "class": ""
      },
      {
        "road": "7",
        "name": "王晔",
        "data": "-",
        "class": ""
      },
      {
        "road": "8",
        "name": "徐佳康",
        "data": "-",
        "class": ""
      },
      {
        "road": "9",
        "name": "王伟灿",
        "data": "-",
        "class": ""
      },
      {
        "road": "10",
        "name": "林汇元",
        "data": "-",
        "class": ""
      },
      {
        "road": "11",
        "name": "王鼎丞",
        "data": "-",
        "class": ""
      },
      {
        "road": "12",
        "name": "胡致昊",
        "data": "-",
        "class": ""
      },
      {
        "road": "13",
        "name": "郑宇涵",
        "data": "-",
        "class": ""
      },
      {
        "road": "14",
        "name": "毛鑫程",
        "data": "-",
        "class": ""
      },
      {
        "road": "15",
        "name": "曾子瀚",
        "data": "-",
        "class": ""
      },
      {
        "road": "16",
        "name": "胡序言",
        "data": "-",
        "class": ""
      },
      {
        "road": "17",
        "name": "钟宇辉",
        "data": "-",
        "class": ""
      }
    ]
  ]
}