{
  "name": "高三女子组 1500米 预决赛",
  "players": [
    [
      {
        "road": "1",
        "name": "谢思睿",
        "data": "-",
        "class": ""
      },
      {
        "road": "2",
        "name": "蓝越",
        "data": "-",
        "class": ""
      },
      {
        "road": "3",
        "name": "刘子瑄",
        "data": "-",
        "class": ""
      },
      {
        "road": "4",
        "name": "卞雨瞳",
        "data": "-",
        "class": ""
      }
    ]
  ]
}