{
  "name": "高三女子组 三级跳远 预决赛",
  "players": [
    [
      {
        "road": "1",
        "name": "张思琪",
        "data": "-",
        "class": ""
      },
      {
        "road": "2",
        "name": "蔡欣楠",
        "data": "-",
        "class": ""
      },
      {
        "road": "3",
        "name": "陈柔琦",
        "data": "-",
        "class": ""
      },
      {
        "road": "4",
        "name": "庄家怡",
        "data": "-",
        "class": ""
      },
      {
        "road": "5",
        "name": "林可馨",
        "data": "-",
        "class": ""
      },
      {
        "road": "6",
        "name": "黄恬婧",
        "data": "-",
        "class": ""
      },
      {
        "road": "7",
        "name": "林妍",
        "data": "-",
        "class": ""
      },
      {
        "road": "8",
        "name": "尹馨",
        "data": "-",
        "class": ""
      },
      {
        "road": "9",
        "name": "周曼馨",
        "data": "-",
        "class": ""
      },
      {
        "road": "10",
        "name": "王佳茜",
        "data": "-",
        "class": ""
      },
      {
        "road": "11",
        "name": "张宇茜",
        "data": "-",
        "class": ""
      },
      {
        "road": "12",
        "name": "夏颖琪",
        "data": "-",
        "class": ""
      }
    ]
  ]
}