{
  "name": "高一女子 跳远 预决赛",
  "players": [
    [
      {
        "road": "1",
        "name": "罗熠晨",
        "data": "-",
        "class": ""
      },
      {
        "road": "2",
        "name": "陈诗琪",
        "data": "-",
        "class": ""
      },
      {
        "road": "3",
        "name": "江雨萱",
        "data": "-",
        "class": ""
      },
      {
        "road": "4",
        "name": "李小沅",
        "data": "-",
        "class": ""
      },
      {
        "road": "5",
        "name": "邱嘉煜",
        "data": "-",
        "class": ""
      },
      {
        "road": "6",
        "name": "吴佳雯",
        "data": "-",
        "class": ""
      },
      {
        "road": "7",
        "name": "付锦蕾",
        "data": "-",
        "class": ""
      },
      {
        "road": "8",
        "name": "李欣妍",
        "data": "-",
        "class": ""
      },
      {
        "road": "9",
        "name": "郑斯元",
        "data": "-",
        "class": ""
      },
      {
        "road": "10",
        "name": "蔡昕怡",
        "data": "-",
        "class": ""
      },
      {
        "road": "11",
        "name": "林诗铃",
        "data": "-",
        "class": ""
      },
      {
        "road": "12",
        "name": "胡嘉琳",
        "data": "-",
        "class": ""
      },
      {
        "road": "13",
        "name": "任惠清",
        "data": "-",
        "class": ""
      },
      {
        "road": "14",
        "name": "王子然",
        "data": "-",
        "class": ""
      },
      {
        "road": "15",
        "name": "林妮",
        "data": "-",
        "class": ""
      }
    ]
  ]
}