{
  "name": "高三男子组 铅球 预决赛",
  "players": [
    [
      {
        "road": "1",
        "name": "严承天",
        "data": "-",
        "class": ""
      },
      {
        "road": "2",
        "name": "郑诗杰",
        "data": "-",
        "class": ""
      },
      {
        "road": "3",
        "name": "林哲昊",
        "data": "-",
        "class": ""
      },
      {
        "road": "4",
        "name": "王伟灿",
        "data": "-",
        "class": ""
      },
      {
        "road": "5",
        "name": "余少杰",
        "data": "-",
        "class": ""
      },
      {
        "road": "6",
        "name": "陈醒哲",
        "data": "-",
        "class": ""
      },
      {
        "road": "7",
        "name": "余森",
        "data": "-",
        "class": ""
      },
      {
        "road": "8",
        "name": "刘瑄铠",
        "data": "-",
        "class": ""
      },
      {
        "road": "9",
        "name": "陈禹昊",
        "data": "-",
        "class": ""
      },
      {
        "road": "10",
        "name": "黄镜伊",
        "data": "-",
        "class": ""
      },
      {
        "road": "11",
        "name": "江龚羿",
        "data": "-",
        "class": ""
      },
      {
        "road": "12",
        "name": "陈钦雨",
        "data": "-",
        "class": ""
      },
      {
        "road": "13",
        "name": "林航宇",
        "data": "-",
        "class": ""
      },
      {
        "road": "14",
        "name": "刘秉鑫",
        "data": "-",
        "class": ""
      },
      {
        "road": "15",
        "name": "束云飞",
        "data": "-",
        "class": ""
      },
      {
        "road": "16",
        "name": "梁翰宇",
        "data": "-",
        "class": ""
      },
      {
        "road": "17",
        "name": "黄梓铭",
        "data": "-",
        "class": ""
      },
      {
        "road": "18",
        "name": "王致韬",
        "data": "-",
        "class": ""
      },
      {
        "road": "19",
        "name": "陈睿彬",
        "data": "-",
        "class": ""
      },
      {
        "road": "20",
        "name": "陈宇澄",
        "data": "-",
        "class": ""
      },
      {
        "road": "21",
        "name": "杨瑞祺",
        "data": "-",
        "class": ""
      },
      {
        "road": "22",
        "name": "郑淏文",
        "data": "-",
        "class": ""
      },
      {
        "road": "23",
        "name": "彭博政",
        "data": "-",
        "class": ""
      },
      {
        "road": "24",
        "name": "林青榆",
        "data": "-",
        "class": ""
      },
      {
        "road": "25",
        "name": "张书剑",
        "data": "-",
        "class": ""
      },
      {
        "road": "26",
        "name": "陈冠泽",
        "data": "-",
        "class": ""
      }
    ]
  ]
}