{
  "name": "高二男子组 跳高 预决赛",
  "players": [
    [
      {
        "road": "1",
        "name": "沈冠陈",
        "data": "-",
        "class": ""
      },
      {
        "road": "2",
        "name": "陈方炫",
        "data": "-",
        "class": ""
      },
      {
        "road": "3",
        "name": "黄君灏",
        "data": "-",
        "class": ""
      },
      {
        "road": "4",
        "name": "彭宣然",
        "data": "-",
        "class": ""
      },
      {
        "road": "5",
        "name": "叶铭垚",
        "data": "-",
        "class": ""
      },
      {
        "road": "6",
        "name": "陈杰奇",
        "data": "-",
        "class": ""
      },
      {
        "road": "7",
        "name": "李漳哲",
        "data": "-",
        "class": ""
      },
      {
        "road": "8",
        "name": "郑皓天",
        "data": "-",
        "class": ""
      },
      {
        "road": "9",
        "name": "龚思俊",
        "data": "-",
        "class": ""
      },
      {
        "road": "10",
        "name": "李鹏涛",
        "data": "-",
        "class": ""
      },
      {
        "road": "11",
        "name": "陈良俊",
        "data": "-",
        "class": ""
      },
      {
        "road": "12",
        "name": "黄桢昊",
        "data": "-",
        "class": ""
      }
    ]
  ]
}