{
  "name": "高二女子组 铅球 预决赛",
  "players": [
    [
      {
        "road": "1",
        "name": "王诗晴",
        "data": "-",
        "class": ""
      },
      {
        "road": "2",
        "name": "洪燕妮",
        "data": "-",
        "class": ""
      },
      {
        "road": "3",
        "name": "魏楚凝",
        "data": "-",
        "class": ""
      },
      {
        "road": "4",
        "name": "何汐月",
        "data": "-",
        "class": ""
      },
      {
        "road": "5",
        "name": "陈昕妍",
        "data": "-",
        "class": ""
      },
      {
        "road": "6",
        "name": "苏靖琳",
        "data": "-",
        "class": ""
      },
      {
        "road": "7",
        "name": "杨秀妍",
        "data": "-",
        "class": ""
      },
      {
        "road": "8",
        "name": "黄静蕾",
        "data": "-",
        "class": ""
      },
      {
        "road": "9",
        "name": "林昕可",
        "data": "-",
        "class": ""
      },
      {
        "road": "10",
        "name": "魏晓",
        "data": "-",
        "class": ""
      }
    ]
  ]
}