{
  "name": "高二女子组 跳高 预决赛",
  "players": [
    [
      {
        "road": "1",
        "name": "郑恬静",
        "data": "-",
        "class": ""
      },
      {
        "road": "2",
        "name": "黄静蕾",
        "data": "-",
        "class": ""
      },
      {
        "road": "3",
        "name": "秦梓铭",
        "data": "-",
        "class": ""
      },
      {
        "road": "4",
        "name": "薛雯萱",
        "data": "-",
        "class": ""
      },
      {
        "road": "5",
        "name": "林芷帆",
        "data": "-",
        "class": ""
      },
      {
        "road": "6",
        "name": "刘梓楠",
        "data": "-",
        "class": ""
      },
      {
        "road": "7",
        "name": "林玥言",
        "data": "-",
        "class": ""
      }
    ]
  ]
}