{
  "name": "高二女子组 三级跳远 预决赛",
  "players": [
    [
      {
        "road": "1",
        "name": "赵晗",
        "data": "-",
        "class": ""
      },
      {
        "road": "2",
        "name": "朱彦亦",
        "data": "-",
        "class": ""
      },
      {
        "road": "3",
        "name": "邓添馨",
        "data": "-",
        "class": ""
      },
      {
        "road": "4",
        "name": "缪云楸",
        "data": "-",
        "class": ""
      },
      {
        "road": "5",
        "name": "李学锶",
        "data": "-",
        "class": ""
      }
    ]
  ]
}