{
  "name": "高一男子组 跳远 预决赛",
  "players": [
    [
      {
        "road": "1",
        "name": "陈天枝",
        "data": "-",
        "class": ""
      },
      {
        "road": "2",
        "name": "林琢程",
        "data": "-",
        "class": ""
      },
      {
        "road": "3",
        "name": "蔡逸飞",
        "data": "-",
        "class": ""
      },
      {
        "road": "4",
        "name": "刘浚铠",
        "data": "-",
        "class": ""
      },
      {
        "road": "5",
        "name": "黄越",
        "data": "-",
        "class": ""
      },
      {
        "road": "6",
        "name": "陈佳同",
        "data": "-",
        "class": ""
      },
      {
        "road": "7",
        "name": "林以宽",
        "data": "-",
        "class": ""
      },
      {
        "road": "8",
        "name": "程德华",
        "data": "-",
        "class": ""
      },
      {
        "road": "9",
        "name": "王源铖",
        "data": "-",
        "class": ""
      },
      {
        "road": "10",
        "name": "陈睿哲",
        "data": "-",
        "class": ""
      },
      {
        "road": "11",
        "name": "陈优晟",
        "data": "-",
        "class": ""
      },
      {
        "road": "12",
        "name": "林俊炜",
        "data": "-",
        "class": ""
      },
      {
        "road": "13",
        "name": "温泽睿",
        "data": "-",
        "class": ""
      },
      {
        "road": "14",
        "name": "卢隽祺",
        "data": "-",
        "class": ""
      },
      {
        "road": "15",
        "name": "谢景成",
        "data": "-",
        "class": ""
      },
      {
        "road": "16",
        "name": "鲍涵宇",
        "data": "-",
        "class": ""
      },
      {
        "road": "17",
        "name": "林熠轩",
        "data": "-",
        "class": ""
      },
      {
        "road": "18",
        "name": "林宇轩",
        "data": "-",
        "class": ""
      },
      {
        "road": "19",
        "name": "林焌豪",
        "data": "-",
        "class": ""
      },
      {
        "road": "20",
        "name": "朱益俊",
        "data": "-",
        "class": ""
      },
      {
        "road": "21",
        "name": "王墨迪",
        "data": "-",
        "class": ""
      },
      {
        "road": "22",
        "name": "林宇轩",
        "data": "-",
        "class": ""
      },
      {
        "road": "23",
        "name": "游君昊",
        "data": "-",
        "class": ""
      },
      {
        "road": "24",
        "name": "潘文杰",
        "data": "-",
        "class": ""
      },
      {
        "road": "25",
        "name": "林友凡",
        "data": "-",
        "class": ""
      }
    ]
  ]
}