[
    [
        {"grade": "高一", "name": "男子组 100米 预赛", "time": "09:30", "link": "./games?id=10001"},
        {"grade": "高一", "name": "女子组 100米 预赛", "time": "09:42", "link": "./games?id=10002"},
        {"grade": "高二", "name": "男子组 100米 预赛", "time": "09:50", "link": "./games?id=10003"},
        {"grade": "高二", "name": "女子组 100米 预赛", "time": "09:58", "link": "./games?id=10004"},
        {"grade": "高三", "name": "男子组 100米 预赛", "time": "10:04", "link": "./games?id=10005"},
        {"grade": "高三", "name": "女子组 100米 预赛", "time": "10:10", "link": "./games?id=10006"},
        {"grade": "高一", "name": "男子组 400米 预决赛", "time": "10:14", "link": "./games?id=10007"},
        {"grade": "高一", "name": "女子组 400米 预决赛", "time": "10:34", "link": "./games?id=10008"},
        {"grade": "高二", "name": "男子组 400米 预决赛", "time": "10:42", "link": "./games?id=10009"},
        {"grade": "高二", "name": "女子组 400米 预决赛", "time": "10:50", "link": "./games?id=10010"},
        {"grade": "高三", "name": "男子组 400米 预决赛", "time": "10:54", "link": "./games?id=10011"},
        {"grade": "高三", "name": "女子组 400米 预决赛", "time": "11:06", "link": "./games?id=10012"}
    ],
    [
        {"grade": "高一", "name": "男子组 100米 决赛", "time": "14:30", "link": "./games?id=11001"},
        {"grade": "高一", "name": "女子组 100米 决赛", "time": "14:32", "link": "./games?id=11002"},
        {"grade": "高二", "name": "男子组 100米 决赛", "time": "14:34", "link": "./games?id=11003"},
        {"grade": "高二", "name": "女子组 100米 决赛", "time": "14:36", "link": "./games?id=11004"},
        {"grade": "高三", "name": "男子组 100米 决赛", "time": "14:38", "link": "./games?id=11005"},
        {"grade": "高三", "name": "女子组 100米 决赛", "time": "14:40", "link": "./games?id=11006"},
        {"grade": "高一", "name": "男子组 1500米 预决赛", "time": "14:42", "link": "./games?id=11007"},
        {"grade": "高一", "name": "女子组 1500米 预决赛", "time": "14:51", "link": "./games?id=11008"},
        {"grade": "高二", "name": "男子组 1500米 预决赛", "time": "15:00", "link": "./games?id=11009"},
        {"grade": "高二", "name": "女子组 1500米 预决赛", "time": "15:09", "link": "./games?id=11010"},
        {"grade": "高三", "name": "男子组 1500米 预决赛", "time": "15:18", "link": "./games?id=11011"},
        {"grade": "高三", "name": "女子组 1500米 预决赛", "time": "15:27", "link": "./games?id=11012"}
    ],
    [
        {"grade": "高一", "name": "男子组 跳高 预决赛", "time": "09:30", "link": "./games?id=10101"},
        {"grade": "高三", "name": "女子组 跳远 预决赛", "time": "09:30", "link": "./games?id=10102"},
        {"grade": "高二", "name": "男子组 三级跳远 预决赛", "time": "10:00", "link": "./games?id=10103"},
        {"grade": "高三", "name": "男子组 三级跳远 预决赛", "time": "10:30", "link": "./games?id=10104"},
        {"grade": "高一", "name": "女子组 铅球 预决赛", "time": "09:30", "link": "./games?id=10105"}
    ],
    [
        {"grade": "高二", "name": "男子组 跳高 预决赛", "time": "14:30", "link": "./games?id=11101"},
        {"grade": "高二", "name": "女子组 跳高 预决赛", "time": "15:20", "link": "./games?id=11102"},
        {"grade": "高二", "name": "女子组 铅球 预决赛", "time": "14:30", "link": "./games?id=11103"},
        {"grade": "高三", "name": "男子组 铅球 预决赛", "time": "15:20", "link": "./games?id=11104"},
        {"grade": "高一", "name": "男子组 跳远 预决赛", "time": "14:30", "link": "./games?id=11105"},
        {"grade": "高一", "name": "女子组 跳远 预决赛", "time": "15:10", "link": "./games?id=11106"},
        {"grade": "高三", "name": "女子组 三级跳远 预决赛", "time": "15:40", "link": "./games?id=11107"},
        {"grade": "高二", "name": "女子组 三级跳远 预决赛", "time": "16:10", "link": "./games?id=11108"}
    ],


    [
        {"grade": "高一", "name": "男子组 200米 预赛", "time": "08:30", "link": "./games?id=20001"},
        {"grade": "高一", "name": "女子组 200米 预赛", "time": "08:42", "link": "./games?id=20002"},
        {"grade": "高二", "name": "男子组 200米 预赛", "time": "08:50", "link": "./games?id=20003"},
        {"grade": "高二", "name": "女子组 200米 预赛", "time": "08:56", "link": "./games?id=20004"},
        {"grade": "高三", "name": "男子组 200米 预赛", "time": "09:02", "link": "./games?id=20005"},
        {"grade": "高三", "name": "女子组 200米 预赛", "time": "09:06", "link": "./games?id=20006"},
        {"grade": "高一", "name": "男子组 800米 预决赛", "time": "09:10", "link": "./games?id=20007"},
        {"grade": "高一", "name": "女子组 800米 预决赛", "time": "09:16", "link": "./games?id=20008"},
        {"grade": "高二", "name": "男子组 800米 预决赛", "time": "09:22", "link": "./games?id=20009"},
        {"grade": "高二", "name": "女子组 800米 预决赛", "time": "09:28", "link": "./games?id=20010"},
        {"grade": "高三", "name": "男子组 800米 预决赛", "time": "09:34", "link": "./games?id=20011"},
        {"grade": "高三", "name": "女子组 800米 预决赛", "time": "09:40", "link": "./games?id=20012"},
        {"grade": "高一", "name": "男子组 200米 决赛", "time": "09:46", "link": "./games?id=20013"},
        {"grade": "高一", "name": "女子组 200米 决赛", "time": "09:48", "link": "./games?id=20014"},
        {"grade": "高二", "name": "男子组 200米 决赛", "time": "09:50", "link": "./games?id=20015"},
        {"grade": "高二", "name": "女子组 200米 决赛", "time": "09:52", "link": "./games?id=20016"},
        {"grade": "高三", "name": "男子组 200米 决赛", "time": "09:54", "link": "./games?id=20017"},
        {"grade": "高三", "name": "女子组 200米 决赛", "time": "09:56", "link": "./games?id=20018"},
        {"grade": "高一", "name": "混合组 20x50米迎面接力 预决赛", "time": "09:58", "link": "./games?id=20019"},
        {"grade": "高二", "name": "混合组 20x50米迎面接力 预决赛", "time": "10:28", "link": "./games?id=20020"},
        {"grade": "高三", "name": "混合组 20x50米迎面接力 预决赛", "time": "10:58", "link": "./games?id=20021"}
    ],
    [
        {"grade": "高一", "name": "男子组 4x100米接力 预决赛", "time": "13:30", "link": "./games?id=21001"},
        {"grade": "高一", "name": "女子组 4x100米接力 预决赛", "time": "13:45", "link": "./games?id=21002"},
        {"grade": "高二", "name": "男子组 4x100米接力 预决赛", "time": "14:00", "link": "./games?id=21003"},
        {"grade": "高二", "name": "女子组 4x100米接力 预决赛", "time": "14:15", "link": "./games?id=21004"},
        {"grade": "高三", "name": "男子组 4x100米接力 预决赛", "time": "14:30", "link": "./games?id=21005"},
        {"grade": "高三", "name": "女子组 4x100米接力 预决赛", "time": "14:45", "link": "./games?id=21006"}
    ],
    [
        {"grade": "高三", "name": "男子组 跳高 预决赛", "time": "08:30", "link": "./games?id=20101"},
        {"grade": "高三", "name": "女子组 跳高 预决赛", "time": "09:30", "link": "./games?id=20102"},
        {"grade": "高一", "name": "男子组 三级跳远 预决赛", "time": "08:30", "link": "./games?id=20103"},
        {"grade": "高一", "name": "女子组 三级跳远 预决赛", "time": "09:10", "link": "./games?id=20104"},
        {"grade": "高二", "name": "女子组 跳远 预决赛", "time": "09:40", "link": "./games?id=20105"},
        {"grade": "高三", "name": "男子组 跳远 预决赛", "time": "10:10", "link": "./games?id=20106"},
        {"grade": "高三", "name": "女子组 铅球 预决赛", "time": "08:30", "link": "./games?id=20107"},
        {"grade": "高二", "name": "男子组 铅球 预决赛", "time": "09:30", "link": "./games?id=20108"}
    ],
    [
        {"grade": "高一", "name": "男子组 铅球 预决赛", "time": "13:30", "link": "./games?id=21101"},
        {"grade": "高一", "name": "女子组 跳高 预决赛", "time": "13:30", "link": "./games?id=21102"},
        {"grade": "高二", "name": "男子组 跳远 预决赛", "time": "13:30", "link": "./games?id=21103"}
    ]
]
