{
  "name": "高一男子组 800米 预决赛",
  "players": [
    [
      {
        "road": "1",
        "name": "林鸿烨",
        "data": "-",
        "class": ""
      },
      {
        "road": "2",
        "name": "李宗道",
        "data": "-",
        "class": ""
      },
      {
        "road": "3",
        "name": "林子淘",
        "data": "-",
        "class": ""
      },
      {
        "road": "4",
        "name": "范睿图",
        "data": "-",
        "class": ""
      },
      {
        "road": "5",
        "name": "陈于思",
        "data": "-",
        "class": ""
      },
      {
        "road": "6",
        "name": "林宏艺",
        "data": "-",
        "class": ""
      },
      {
        "road": "7",
        "name": "郑详淏",
        "data": "-",
        "class": ""
      },
      {
        "road": "8",
        "name": "詹炫",
        "data": "-",
        "class": ""
      },
      {
        "road": "9",
        "name": "林振轩",
        "data": "-",
        "class": ""
      },
      {
        "road": "10",
        "name": "李宥熹",
        "data": "-",
        "class": ""
      },
      {
        "road": "11",
        "name": "曹宇轩",
        "data": "-",
        "class": ""
      },
      {
        "road": "12",
        "name": "谢景成",
        "data": "-",
        "class": ""
      },
      {
        "road": "13",
        "name": "陈梓豪",
        "data": "-",
        "class": ""
      },
      {
        "road": "14",
        "name": "黄宏懿",
        "data": "-",
        "class": ""
      },
      {
        "road": "15",
        "name": "柯知涵",
        "data": "-",
        "class": ""
      },
      {
        "road": "16",
        "name": "林宇轩",
        "data": "-",
        "class": ""
      },
      {
        "road": "17",
        "name": "蔡宸轩",
        "data": "-",
        "class": ""
      },
      {
        "road": "18",
        "name": "周榕浠",
        "data": "-",
        "class": ""
      },
      {
        "road": "19",
        "name": "郑煦缤",
        "data": "-",
        "class": ""
      }
    ]
  ]
}