{
  "name": "高二男子组 200米 预赛",
  "players": [
    [
      {
        "road": "1",
        "name": "王新琳",
        "data": "-",
        "class": ""
      },
      {
        "road": "2",
        "name": "倪睿康",
        "data": "-",
        "class": ""
      },
      {
        "road": "3",
        "name": "陈诺霖",
        "data": "-",
        "class": ""
      },
      {
        "road": "4",
        "name": "陈子睿",
        "data": "-",
        "class": ""
      },
      {
        "road": "5",
        "name": "黄宏彬",
        "data": "-",
        "class": ""
      },
      {
        "road": "6",
        "name": "陈铭程",
        "data": "-",
        "class": ""
      }
    ],
    [
      {
        "road": "1",
        "name": "顾柯",
        "data": "-",
        "class": ""
      },
      {
        "road": "2",
        "name": "鄢仁盛",
        "data": "-",
        "class": ""
      },
      {
        "road": "3",
        "name": "吴烨豪",
        "data": "-",
        "class": ""
      },
      {
        "road": "4",
        "name": "邹志涛",
        "data": "-",
        "class": ""
      },
      {
        "road": "5",
        "name": "杨宸烨",
        "data": "-",
        "class": ""
      }
    ],
    [
      {
        "road": "1",
        "name": "虞佳明",
        "data": "-",
        "class": ""
      },
      {
        "road": "2",
        "name": "蒋泊元",
        "data": "-",
        "class": ""
      },
      {
        "road": "3",
        "name": "许宸硕",
        "data": "-",
        "class": ""
      },
      {
        "road": "4",
        "name": "陈诗宇",
        "data": "-",
        "class": ""
      },
      {
        "road": "5",
        "name": "柯博文",
        "data": "-",
        "class": ""
      }
    ]
  ]
}