{
  "name": "高三女子组 200米 预赛",
  "players": [
    [
      {
        "road": "1",
        "name": "罗乔薇",
        "data": "-",
        "class": ""
      },
      {
        "road": "2",
        "name": "曾梓涵",
        "data": "-",
        "class": ""
      },
      {
        "road": "3",
        "name": "罗斐",
        "data": "-",
        "class": ""
      },
      {
        "road": "4",
        "name": "戴月宸",
        "data": "-",
        "class": ""
      },
      {
        "road": "5",
        "name": "黄慧函",
        "data": "-",
        "class": ""
      }
    ],
    [
      {
        "road": "1",
        "name": "林晓晗",
        "data": "-",
        "class": ""
      },
      {
        "road": "2",
        "name": "欧友知",
        "data": "-",
        "class": ""
      },
      {
        "road": "3",
        "name": "詹雨涵",
        "data": "-",
        "class": ""
      },
      {
        "road": "4",
        "name": "赵昕瞳",
        "data": "-",
        "class": ""
      },
      {
        "road": "5",
        "name": "黄可丰",
        "data": "-",
        "class": ""
      }
    ]
  ]
}