{
  "name": "高一女子组 200米 预赛",
  "players": [
    [
      {
        "road": "1",
        "name": "朱锦洁",
        "data": "-",
        "class": ""
      },
      {
        "road": "2",
        "name": "洪之暄",
        "data": "-",
        "class": ""
      },
      {
        "road": "3",
        "name": "朱锦华",
        "data": "-",
        "class": ""
      },
      {
        "road": "4",
        "name": "沈钰涵",
        "data": "-",
        "class": ""
      },
      {
        "road": "5",
        "name": "江雨萱",
        "data": "-",
        "class": ""
      },
      {
        "road": "6",
        "name": "谢烨萱",
        "data": "-",
        "class": ""
      }
    ],
    [
      {
        "road": "1",
        "name": "林诗铃",
        "data": "-",
        "class": ""
      },
      {
        "road": "2",
        "name": "林靖依",
        "data": "-",
        "class": ""
      },
      {
        "road": "3",
        "name": "蔡昕怡",
        "data": "-",
        "class": ""
      },
      {
        "road": "4",
        "name": "毛以诺",
        "data": "-",
        "class": ""
      },
      {
        "road": "5",
        "name": "林梦菲",
        "data": "-",
        "class": ""
      },
      {
        "road": "6",
        "name": "陈若汐",
        "data": "-",
        "class": ""
      }
    ],
    [
      {
        "road": "1",
        "name": "翁瑞希",
        "data": "-",
        "class": ""
      },
      {
        "road": "2",
        "name": "傅诗雨",
        "data": "-",
        "class": ""
      },
      {
        "road": "3",
        "name": "冯子容",
        "data": "-",
        "class": ""
      },
      {
        "road": "4",
        "name": "郭芮涵",
        "data": "-",
        "class": ""
      },
      {
        "road": "5",
        "name": "陈羽祺",
        "data": "-",
        "class": ""
      }
    ],
    [
      {
        "road": "1",
        "name": "陈语砚",
        "data": "-",
        "class": ""
      },
      {
        "road": "2",
        "name": "吴芷静",
        "data": "-",
        "class": ""
      },
      {
        "road": "3",
        "name": "唐煊",
        "data": "-",
        "class": ""
      },
      {
        "road": "4",
        "name": "邓艺焓",
        "data": "-",
        "class": ""
      },
      {
        "road": "5",
        "name": "胡久莉",
        "data": "-",
        "class": ""
      }
    ]
  ]
}