{
  "name": "高一女子组 800米 预决赛",
  "players": [
    [
      {
        "road": "1",
        "name": "傅诗涵",
        "data": "-",
        "class": ""
      },
      {
        "road": "2",
        "name": "龚悦",
        "data": "-",
        "class": ""
      },
      {
        "road": "3",
        "name": "林靖依",
        "data": "-",
        "class": ""
      },
      {
        "road": "4",
        "name": "余妍慧",
        "data": "-",
        "class": ""
      },
      {
        "road": "5",
        "name": "吕怡闽",
        "data": "-",
        "class": ""
      },
      {
        "road": "6",
        "name": "江予宸",
        "data": "-",
        "class": ""
      },
      {
        "road": "7",
        "name": "陈凌钰",
        "data": "-",
        "class": ""
      },
      {
        "road": "8",
        "name": "戴义荞",
        "data": "-",
        "class": ""
      },
      {
        "road": "9",
        "name": "谢觉逸",
        "data": "-",
        "class": ""
      },
      {
        "road": "10",
        "name": "吴炎洁",
        "data": "-",
        "class": ""
      }
    ]
  ]
}