{
  "name": "高二女子组 200米 预赛",
  "players": [
    [
      {
        "road": "1",
        "name": "陈欣怡",
        "data": "-",
        "class": ""
      },
      {
        "road": "2",
        "name": "王子瑶",
        "data": "-",
        "class": ""
      },
      {
        "road": "3",
        "name": "程怡然",
        "data": "-",
        "class": ""
      },
      {
        "road": "4",
        "name": "刘芝言",
        "data": "-",
        "class": ""
      },
      {
        "road": "5",
        "name": "吴梦鑫",
        "data": "-",
        "class": ""
      }
    ],
    [
      {
        "road": "2",
        "name": "吴欣悦",
        "data": "-",
        "class": ""
      },
      {
        "road": "3",
        "name": "林梦琦",
        "data": "-",
        "class": ""
      },
      {
        "road": "4",
        "name": "沈金茹",
        "data": "-",
        "class": ""
      },
      {
        "road": "5",
        "name": "上官梦媛",
        "data": "-",
        "class": ""
      }
    ],
    [
      {
        "road": "2",
        "name": "王恺熙",
        "data": "-",
        "class": ""
      },
      {
        "road": "3",
        "name": "许佳琳",
        "data": "-",
        "class": ""
      },
      {
        "road": "4",
        "name": "曾子妍",
        "data": "-",
        "class": ""
      },
      {
        "road": "5",
        "name": "宋全美",
        "data": "-",
        "class": ""
      }
    ]
  ]
}