{
  "name": "高一男子组 200米 预赛",
  "players": [
    [
      {
        "road": "1",
        "name": "蔡宜硕",
        "data": "-",
        "class": ""
      },
      {
        "road": "2",
        "name": "陈铭",
        "data": "-",
        "class": ""
      },
      {
        "road": "3",
        "name": "林鸿烨",
        "data": "-",
        "class": ""
      },
      {
        "road": "4",
        "name": "林志丰",
        "data": "-",
        "class": ""
      },
      {
        "road": "5",
        "name": "黄涵锘",
        "data": "-",
        "class": ""
      },
      {
        "road": "6",
        "name": "毛盾",
        "data": "-",
        "class": ""
      }
    ],
    [
      {
        "road": "1",
        "name": "黄家兴",
        "data": "-",
        "class": ""
      },
      {
        "road": "2",
        "name": "游君昊",
        "data": "-",
        "class": ""
      },
      {
        "road": "3",
        "name": "江星毅",
        "data": "-",
        "class": ""
      },
      {
        "road": "4",
        "name": "黄守鑫",
        "data": "-",
        "class": ""
      },
      {
        "road": "5",
        "name": "雷宸杰",
        "data": "-",
        "class": ""
      }
    ],
    [
      {
        "road": "1",
        "name": "林以宽",
        "data": "-",
        "class": ""
      },
      {
        "road": "2",
        "name": "陈柏延",
        "data": "-",
        "class": ""
      },
      {
        "road": "3",
        "name": "林柏喆",
        "data": "-",
        "class": ""
      },
      {
        "road": "4",
        "name": "陈晋赫",
        "data": "-",
        "class": ""
      },
      {
        "road": "5",
        "name": "郑智宸",
        "data": "-",
        "class": ""
      }
    ],
    [
      {
        "road": "1",
        "name": "王梓俊",
        "data": "-",
        "class": ""
      },
      {
        "road": "2",
        "name": "詹炫",
        "data": "-",
        "class": ""
      },
      {
        "road": "3",
        "name": "许皓珉",
        "data": "-",
        "class": ""
      },
      {
        "road": "4",
        "name": "陈起熠",
        "data": "-",
        "class": ""
      },
      {
        "road": "5",
        "name": "陈嘉禾",
        "data": "-",
        "class": ""
      }
    ],
    [
      {
        "road": "1",
        "name": "兰恩奇",
        "data": "-",
        "class": ""
      },
      {
        "road": "2",
        "name": "邓睿涛",
        "data": "-",
        "class": ""
      },
      {
        "road": "3",
        "name": "林子睿",
        "data": "-",
        "class": ""
      },
      {
        "road": "4",
        "name": "张哲豪",
        "data": "-",
        "class": ""
      },
      {
        "road": "5",
        "name": "陈哲涵",
        "data": "-",
        "class": ""
      }
    ],
    [
      {
        "road": "1",
        "name": "刘凯烨",
        "data": "-",
        "class": ""
      },
      {
        "road": "2",
        "name": "郑浩霖",
        "data": "-",
        "class": ""
      },
      {
        "road": "3",
        "name": "邓宇轩",
        "data": "-",
        "class": ""
      },
      {
        "road": "4",
        "name": "朱宇鑫",
        "data": "-",
        "class": ""
      },
      {
        "road": "5",
        "name": "朱远航",
        "data": "-",
        "class": ""
      }
    ]
  ]
}