{
  "name": "高三男子组 200米 预赛",
  "players": [
    [
      {
        "road": "1",
        "name": "黄显宸",
        "data": "-",
        "class": ""
      },
      {
        "road": "2",
        "name": "郭子晗",
        "data": "-",
        "class": ""
      },
      {
        "road": "3",
        "name": "杨智超",
        "data": "-",
        "class": ""
      },
      {
        "road": "4",
        "name": "孙为权",
        "data": "-",
        "class": ""
      },
      {
        "road": "5",
        "name": "黄家铭",
        "data": "-",
        "class": ""
      },
      {
        "road": "6",
        "name": "魏廷",
        "data": "-",
        "class": ""
      }
    ],
    [
      {
        "road": "1",
        "name": "林杰",
        "data": "-",
        "class": ""
      },
      {
        "road": "2",
        "name": "潘熙阳",
        "data": "-",
        "class": ""
      },
      {
        "road": "3",
        "name": "王垚彬",
        "data": "-",
        "class": ""
      },
      {
        "road": "4",
        "name": "吴张恒",
        "data": "-",
        "class": ""
      },
      {
        "road": "5",
        "name": "江杰康",
        "data": "-",
        "class": ""
      },
      {
        "road": "6",
        "name": "王楚彬",
        "data": "-",
        "class": ""
      }
    ]
  ]
}