{
  "name": "高二男子组 800米 预决赛",
  "players": [
    [
      {
        "road": "1",
        "name": "郑哲恺",
        "data": "-",
        "class": ""
      },
      {
        "road": "2",
        "name": "林嘉胤",
        "data": "-",
        "class": ""
      },
      {
        "road": "3",
        "name": "方宇辰",
        "data": "-",
        "class": ""
      },
      {
        "road": "4",
        "name": "江嘉森",
        "data": "-",
        "class": ""
      },
      {
        "road": "5",
        "name": "林子辰",
        "data": "-",
        "class": ""
      },
      {
        "road": "6",
        "name": "沈楠",
        "data": "-",
        "class": ""
      }
    ]
  ]
}