{
  "name": "高二女子组 800米 预决赛",
  "players": [
    [
      {
        "road": "1",
        "name": "王子瑶",
        "data": "-",
        "class": ""
      },
      {
        "road": "2",
        "name": "王粲",
        "data": "-",
        "class": ""
      },
      {
        "road": "3",
        "name": "秦梓铭",
        "data": "-",
        "class": ""
      },
      {
        "road": "4",
        "name": "吴梦鑫",
        "data": "-",
        "class": ""
      },
      {
        "road": "5",
        "name": "刘梓楠",
        "data": "-",
        "class": ""
      },
      {
        "road": "6",
        "name": "吴欣悦",
        "data": "-",
        "class": ""
      },
      {
        "road": "7",
        "name": "刘堉涵",
        "data": "-",
        "class": ""
      },
      {
        "road": "8",
        "name": "吴钧琳",
        "data": "-",
        "class": ""
      },
      {
        "road": "9",
        "name": "林昕可",
        "data": "-",
        "class": ""
      },
      {
        "road": "10",
        "name": "蔡君忆",
        "data": "-",
        "class": ""
      },
      {
        "road": "11",
        "name": "李唯伊",
        "data": "-",
        "class": ""
      },
      {
        "road": "12",
        "name": "王思蕊",
        "data": "-",
        "class": ""
      },
      {
        "road": "13",
        "name": "刘敏君",
        "data": "-",
        "class": ""
      }
    ]
  ]
}