{
  "name": "高一女子组 200米 决赛",
  "players": [
    [
      {
        "road": "1",
        "name": "",
        "data": "-",
        "class": ""
      },
      {
        "road": "2",
        "name": "",
        "data": "-",
        "class": ""
      },
      {
        "road": "3",
        "name": "",
        "data": "-",
        "class": ""
      },
      {
        "road": "4",
        "name": "",
        "data": "-",
        "class": ""
      },
      {
        "road": "5",
        "name": "",
        "data": "-",
        "class": ""
      },
      {
        "road": "6",
        "name": "",
        "data": "-",
        "class": ""
      }
    ]
  ]
}