{
  "name": "高三女子组 800米 预决赛",
  "players": [
    [
      {
        "road": "1",
        "name": "林睿妍",
        "data": "-",
        "class": ""
      },
      {
        "road": "2",
        "name": "张译丹",
        "data": "-",
        "class": ""
      },
      {
        "road": "3",
        "name": "郑索菲",
        "data": "-",
        "class": ""
      },
      {
        "road": "4",
        "name": "陈一",
        "data": "-",
        "class": ""
      },
      {
        "road": "5",
        "name": "谢思睿",
        "data": "-",
        "class": ""
      }
    ]
  ]
}