{
  "name": "高二混合组 20x50米迎面接力 预决赛",
  "players": [
    [
      {
        "road": "1",
        "name": "高二14班",
        "data": "-",
        "class": ""
      },
      {
        "road": "2",
        "name": "高二7班",
        "data": "-",
        "class": ""
      },
      {
        "road": "3",
        "name": "高二4班",
        "data": "-",
        "class": ""
      },
      {
        "road": "4",
        "name": "高二6班",
        "data": "-",
        "class": ""
      },
      {
        "road": "5",
        "name": "高二9班",
        "data": "-",
        "class": ""
      }
    ],
    [
      {
        "road": "1",
        "name": "高二3班",
        "data": "-",
        "class": ""
      },
      {
        "road": "2",
        "name": "高二13班",
        "data": "-",
        "class": ""
      },
      {
        "road": "3",
        "name": "高二10班",
        "data": "-",
        "class": ""
      },
      {
        "road": "4",
        "name": "高二8班",
        "data": "-",
        "class": ""
      },
      {
        "road": "5",
        "name": "高二11班",
        "data": "-",
        "class": ""
      }
    ],
    [
      {
        "road": "1",
        "name": "高二5班",
        "data": "-",
        "class": ""
      },
      {
        "road": "2",
        "name": "高二15班",
        "data": "-",
        "class": ""
      },
      {
        "road": "3",
        "name": "高二1班",
        "data": "-",
        "class": ""
      },
      {
        "road": "4",
        "name": "高二2班",
        "data": "-",
        "class": ""
      },
      {
        "road": "5",
        "name": "高二12班",
        "data": "-",
        "class": ""
      }
    ]
  ]
}