{
  "name": "高二男子组 铅球 预决赛",
  "players": [
    [
      {
        "road": "1",
        "name": "孙铭辰",
        "data": "-",
        "class": ""
      },
      {
        "road": "2",
        "name": "韩鑫",
        "data": "-",
        "class": ""
      },
      {
        "road": "3",
        "name": "魏宇轩",
        "data": "-",
        "class": ""
      },
      {
        "road": "4",
        "name": "郑伊健",
        "data": "-",
        "class": ""
      },
      {
        "road": "5",
        "name": "吴昭帅",
        "data": "-",
        "class": ""
      },
      {
        "road": "6",
        "name": "林意宸",
        "data": "-",
        "class": ""
      },
      {
        "road": "7",
        "name": "魏伦锦",
        "data": "-",
        "class": ""
      },
      {
        "road": "8",
        "name": "廖梓晗",
        "data": "-",
        "class": ""
      },
      {
        "road": "9",
        "name": "冯宇轩",
        "data": "-",
        "class": ""
      },
      {
        "road": "10",
        "name": "吴雨杨",
        "data": "-",
        "class": ""
      },
      {
        "road": "11",
        "name": "沈冠陈",
        "data": "-",
        "class": ""
      },
      {
        "road": "12",
        "name": "袁振龙",
        "data": "-",
        "class": ""
      },
      {
        "road": "13",
        "name": "吴书怀",
        "data": "-",
        "class": ""
      },
      {
        "road": "14",
        "name": "尤良涛",
        "data": "-",
        "class": ""
      },
      {
        "road": "15",
        "name": "吴起弦",
        "data": "-",
        "class": ""
      },
      {
        "road": "16",
        "name": "李隆琨",
        "data": "-",
        "class": ""
      },
      {
        "road": "17",
        "name": "陈怀瑾",
        "data": "-",
        "class": ""
      },
      {
        "road": "18",
        "name": "李鹏涛",
        "data": "-",
        "class": ""
      },
      {
        "road": "19",
        "name": "李煜钧",
        "data": "-",
        "class": ""
      },
      {
        "road": "20",
        "name": "谢奕畅",
        "data": "-",
        "class": ""
      },
      {
        "road": "21",
        "name": "王子睿",
        "data": "-",
        "class": ""
      },
      {
        "road": "22",
        "name": "毛彦杰",
        "data": "-",
        "class": ""
      },
      {
        "road": "23",
        "name": "李浩轩",
        "data": "-",
        "class": ""
      },
      {
        "road": "24",
        "name": "陈鑫",
        "data": "-",
        "class": ""
      },
      {
        "road": "25",
        "name": "洪浩铧",
        "data": "-",
        "class": ""
      }
    ]
  ]
}