{
  "name": "高三男子组 跳高 预决赛",
  "players": [
    [
      {
        "road": "1",
        "name": "黄子鉴",
        "data": "-",
        "class": ""
      },
      {
        "road": "2",
        "name": "陈冠泽",
        "data": "-",
        "class": ""
      },
      {
        "road": "3",
        "name": "汤子墨",
        "data": "-",
        "class": ""
      },
      {
        "road": "4",
        "name": "蔡镇浩",
        "data": "-",
        "class": ""
      },
      {
        "road": "5",
        "name": "郑宇涵",
        "data": "-",
        "class": ""
      },
      {
        "road": "6",
        "name": "魏楷燃",
        "data": "-",
        "class": ""
      },
      {
        "road": "7",
        "name": "余潘超",
        "data": "-",
        "class": ""
      },
      {
        "road": "8",
        "name": "林仕城",
        "data": "-",
        "class": ""
      },
      {
        "road": "9",
        "name": "张海韵",
        "data": "-",
        "class": ""
      },
      {
        "road": "10",
        "name": "朱李行正",
        "data": "-",
        "class": ""
      },
      {
        "road": "11",
        "name": "陈钦雨",
        "data": "-",
        "class": ""
      },
      {
        "road": "12",
        "name": "严恺文",
        "data": "-",
        "class": ""
      },
      {
        "road": "13",
        "name": "翁财旭",
        "data": "-",
        "class": ""
      },
      {
        "road": "14",
        "name": "陈醒哲",
        "data": "-",
        "class": ""
      },
      {
        "road": "15",
        "name": "梁翰宇",
        "data": "-",
        "class": ""
      },
      {
        "road": "16",
        "name": "郭子晗",
        "data": "-",
        "class": ""
      },
      {
        "road": "17",
        "name": "赵禾阳",
        "data": "-",
        "class": ""
      },
      {
        "road": "18",
        "name": "刘瑄铠",
        "data": "-",
        "class": ""
      },
      {
        "road": "19",
        "name": "黄梓铭",
        "data": "-",
        "class": ""
      }
    ]
  ]
}