{
  "name": "男子组 跳远 预决赛",
  "players": [
    [
      {
        "road": "1",
        "name": "林杰",
        "data": "-",
        "class": ""
      },
      {
        "road": "2",
        "name": "卢锐羽",
        "data": "-",
        "class": ""
      },
      {
        "road": "3",
        "name": "陈德胜",
        "data": "-",
        "class": ""
      },
      {
        "road": "4",
        "name": "汤子墨",
        "data": "-",
        "class": ""
      },
      {
        "road": "5",
        "name": "张海韵",
        "data": "-",
        "class": ""
      },
      {
        "road": "6",
        "name": "孙为权",
        "data": "-",
        "class": ""
      },
      {
        "road": "7",
        "name": "柯南",
        "data": "-",
        "class": ""
      },
      {
        "road": "8",
        "name": "陈晟喆",
        "data": "-",
        "class": ""
      },
      {
        "road": "9",
        "name": "郑诗杰",
        "data": "-",
        "class": ""
      },
      {
        "road": "10",
        "name": "吴张恒",
        "data": "-",
        "class": ""
      },
      {
        "road": "11",
        "name": "黄毅",
        "data": "-",
        "class": ""
      },
      {
        "road": "12",
        "name": "陈冠华",
        "data": "-",
        "class": ""
      },
      {
        "road": "13",
        "name": "陈子利",
        "data": "-",
        "class": ""
      },
      {
        "road": "14",
        "name": "庄原",
        "data": "-",
        "class": ""
      },
      {
        "road": "15",
        "name": "王铠迪",
        "data": "-",
        "class": ""
      },
      {
        "road": "16",
        "name": "林言成",
        "data": "-",
        "class": ""
      },
      {
        "road": "17",
        "name": "吴绍鸿",
        "data": "-",
        "class": ""
      },
      {
        "road": "18",
        "name": "林航宇",
        "data": "-",
        "class": ""
      },
      {
        "road": "19",
        "name": "陆柏涛",
        "data": "-",
        "class": ""
      },
      {
        "road": "20",
        "name": "严恺文",
        "data": "-",
        "class": ""
      },
      {
        "road": "21",
        "name": "吴宇翔",
        "data": "-",
        "class": ""
      },
      {
        "road": "22",
        "name": "江龚羿",
        "data": "-",
        "class": ""
      },
      {
        "road": "23",
        "name": "刘家祺",
        "data": "-",
        "class": ""
      },
      {
        "road": "24",
        "name": "黄子鉴",
        "data": "-",
        "class": ""
      },
      {
        "road": "25",
        "name": "张弘毅",
        "data": "-",
        "class": ""
      },
      {
        "road": "26",
        "name": "余潘超",
        "data": "-",
        "class": ""
      }
    ]
  ]
}