{
  "name": "高一男子组 三级跳远 预决赛",
  "players": [
    [
      {
        "road": "1",
        "name": "陈恩霖",
        "data": "-",
        "class": ""
      },
      {
        "road": "2",
        "name": "陈天骏",
        "data": "-",
        "class": ""
      },
      {
        "road": "3",
        "name": "朱宇鑫",
        "data": "-",
        "class": ""
      },
      {
        "road": "4",
        "name": "朱远航",
        "data": "-",
        "class": ""
      },
      {
        "road": "5",
        "name": "陈佳同",
        "data": "-",
        "class": ""
      },
      {
        "road": "6",
        "name": "吴哲浩",
        "data": "-",
        "class": ""
      },
      {
        "road": "7",
        "name": "林熠轩",
        "data": "-",
        "class": ""
      },
      {
        "road": "8",
        "name": "鲍涵宇",
        "data": "-",
        "class": ""
      },
      {
        "road": "9",
        "name": "陈诺林",
        "data": "-",
        "class": ""
      },
      {
        "road": "10",
        "name": "陈铭",
        "data": "-",
        "class": ""
      },
      {
        "road": "11",
        "name": "付隆倪",
        "data": "-",
        "class": ""
      },
      {
        "road": "12",
        "name": "洪安晟",
        "data": "-",
        "class": ""
      },
      {
        "road": "13",
        "name": "陈冕",
        "data": "-",
        "class": ""
      },
      {
        "road": "14",
        "name": "王梓俊",
        "data": "-",
        "class": ""
      },
      {
        "road": "15",
        "name": "陈天枝",
        "data": "-",
        "class": ""
      },
      {
        "road": "16",
        "name": "邓睿涛",
        "data": "-",
        "class": ""
      },
      {
        "road": "17",
        "name": "黄梓翔",
        "data": "-",
        "class": ""
      },
      {
        "road": "18",
        "name": "吴哲绮",
        "data": "-",
        "class": ""
      },
      {
        "road": "19",
        "name": "林宇翔",
        "data": "-",
        "class": ""
      },
      {
        "road": "20",
        "name": "林振轩",
        "data": "-",
        "class": ""
      },
      {
        "road": "21",
        "name": "朱益俊",
        "data": "-",
        "class": ""
      }
    ]
  ]
}