{
  "name": "高三女子组 铅球 预决赛",
  "players": [
    [
      {
        "road": "1",
        "name": "王佳茜",
        "data": "-",
        "class": ""
      },
      {
        "road": "2",
        "name": "林昱彤",
        "data": "-",
        "class": ""
      },
      {
        "road": "3",
        "name": "梁心妍",
        "data": "-",
        "class": ""
      },
      {
        "road": "4",
        "name": "陈刘璐",
        "data": "-",
        "class": ""
      },
      {
        "road": "5",
        "name": "陈暄颖",
        "data": "-",
        "class": ""
      },
      {
        "road": "6",
        "name": "卞雨瞳",
        "data": "-",
        "class": ""
      },
      {
        "road": "7",
        "name": "黄恬婧",
        "data": "-",
        "class": ""
      },
      {
        "road": "8",
        "name": "黄雅淳",
        "data": "-",
        "class": ""
      },
      {
        "road": "9",
        "name": "夏颖琪",
        "data": "-",
        "class": ""
      },
      {
        "road": "10",
        "name": "詹锦垚",
        "data": "-",
        "class": ""
      },
      {
        "road": "11",
        "name": "蔡欣楠",
        "data": "-",
        "class": ""
      },
      {
        "road": "12",
        "name": "江佳玲",
        "data": "-",
        "class": ""
      },
      {
        "road": "13",
        "name": "林可馨",
        "data": "-",
        "class": ""
      },
      {
        "road": "14",
        "name": "尹馨",
        "data": "-",
        "class": ""
      },
      {
        "road": "15",
        "name": "詹雨诗",
        "data": "-",
        "class": ""
      },
      {
        "road": "16",
        "name": "黄诗芮",
        "data": "-",
        "class": ""
      },
      {
        "road": "17",
        "name": "林雨润",
        "data": "-",
        "class": ""
      },
      {
        "road": "18",
        "name": "卢思羽",
        "data": "-",
        "class": ""
      },
      {
        "road": "19",
        "name": "蒋银霞",
        "data": "-",
        "class": ""
      },
      {
        "road": "20",
        "name": "林昕怡",
        "data": "-",
        "class": ""
      }
    ]
  ]
}