{
  "name": "高二女子组 跳远 预决赛",
  "players": [
    [
      {
        "road": "1",
        "name": "魏楚凝",
        "data": "-",
        "class": ""
      },
      {
        "road": "2",
        "name": "王韵灵",
        "data": "-",
        "class": ""
      },
      {
        "road": "3",
        "name": "郑恬静",
        "data": "-",
        "class": ""
      },
      {
        "road": "4",
        "name": "林如钰",
        "data": "-",
        "class": ""
      },
      {
        "road": "5",
        "name": "陈子宁",
        "data": "-",
        "class": ""
      },
      {
        "road": "6",
        "name": "关瑞涛",
        "data": "-",
        "class": ""
      },
      {
        "road": "7",
        "name": "潘思含",
        "data": "-",
        "class": ""
      },
      {
        "road": "8",
        "name": "李学锶",
        "data": "-",
        "class": ""
      },
      {
        "road": "9",
        "name": "缪云楸",
        "data": "-",
        "class": ""
      },
      {
        "road": "10",
        "name": "鲍妍宇",
        "data": "-",
        "class": ""
      },
      {
        "road": "11",
        "name": "陈欣怡",
        "data": "-",
        "class": ""
      },
      {
        "road": "12",
        "name": "朱彦亦",
        "data": "-",
        "class": ""
      },
      {
        "road": "13",
        "name": "陈韫琪",
        "data": "-",
        "class": ""
      },
      {
        "road": "14",
        "name": "朱乐菱",
        "data": "-",
        "class": ""
      },
      {
        "road": "15",
        "name": "陶悦涵",
        "data": "-",
        "class": ""
      },
      {
        "road": "16",
        "name": "邓添馨",
        "data": "-",
        "class": ""
      }
    ]
  ]
}