{
  "name": "高三女子组 跳高 预决赛",
  "players": [
    [
      {
        "road": "1",
        "name": "魏佳仪",
        "data": "-",
        "class": ""
      },
      {
        "road": "2",
        "name": "江佳玲",
        "data": "-",
        "class": ""
      },
      {
        "road": "3",
        "name": "卢思羽",
        "data": "-",
        "class": ""
      },
      {
        "road": "4",
        "name": "肖振轩",
        "data": "-",
        "class": ""
      },
      {
        "road": "5",
        "name": "刘子瑄",
        "data": "-",
        "class": ""
      },
      {
        "road": "6",
        "name": "朱枢弋",
        "data": "-",
        "class": ""
      },
      {
        "road": "7",
        "name": "林昱彤",
        "data": "-",
        "class": ""
      }
    ]
  ]
}