{
  "name": "高一女子组 三级跳远 预决赛",
  "players": [
    [
      {
        "road": "1",
        "name": "陈凌钰",
        "data": "-",
        "class": ""
      },
      {
        "road": "2",
        "name": "张芷妍",
        "data": "-",
        "class": ""
      },
      {
        "road": "3",
        "name": "吴炎洁",
        "data": "-",
        "class": ""
      },
      {
        "road": "4",
        "name": "郑昕彤",
        "data": "-",
        "class": ""
      },
      {
        "road": "5",
        "name": "林妮",
        "data": "-",
        "class": ""
      },
      {
        "road": "6",
        "name": "龚悦",
        "data": "-",
        "class": ""
      },
      {
        "road": "7",
        "name": "陈洛琪",
        "data": "-",
        "class": ""
      },
      {
        "road": "8",
        "name": "黄琦雯",
        "data": "-",
        "class": ""
      },
      {
        "road": "9",
        "name": "胡嘉琳",
        "data": "-",
        "class": ""
      },
      {
        "road": "10",
        "name": "毛以诺",
        "data": "-",
        "class": ""
      },
      {
        "road": "10",
        "name": "王子然",
        "data": "-",
        "class": ""
      }
    ]
  ]
}