{
  "name": "高三男子组 4x100米接力 预决赛",
  "players": [
    [
      {
        "road": "1",
        "name": "高三5班",
        "data": "-",
        "class": ""
      },
      {
        "road": "2",
        "name": "高三6班",
        "data": "-",
        "class": ""
      },
      {
        "road": "3",
        "name": "高三4班",
        "data": "-",
        "class": ""
      },
      {
        "road": "4",
        "name": "高三14班",
        "data": "-",
        "class": ""
      },
      {
        "road": "5",
        "name": "高三15班",
        "data": "-",
        "class": ""
      },
      {
        "road": "6",
        "name": "高三3班",
        "data": "-",
        "class": ""
      }
    ],
    [
      {
        "road": "1",
        "name": "高三8班",
        "data": "-",
        "class": ""
      },
      {
        "road": "2",
        "name": "高三13班",
        "data": "-",
        "class": ""
      },
      {
        "road": "3",
        "name": "高三2班",
        "data": "-",
        "class": ""
      },
      {
        "road": "4",
        "name": "高三16班",
        "data": "-",
        "class": ""
      },
      {
        "road": "5",
        "name": "高三12班",
        "data": "-",
        "class": ""
      }
    ],
    [
      {
        "road": "1",
        "name": "高三10班",
        "data": "-",
        "class": ""
      },
      {
        "road": "2",
        "name": "高三11班",
        "data": "-",
        "class": ""
      },
      {
        "road": "3",
        "name": "高三7班",
        "data": "-",
        "class": ""
      },
      {
        "road": "4",
        "name": "高三9班",
        "data": "-",
        "class": ""
      },
      {
        "road": "5",
        "name": "高三1班",
        "data": "-",
        "class": ""
      }
    ]
  ]
}