{
  "name": "高一女子组 4x100米接力 预决赛",
  "players": [
    [
      {
        "road": "1",
        "name": "高一11班",
        "data": "-",
        "class": ""
      },
      {
        "road": "2",
        "name": "高一10班",
        "data": "-",
        "class": ""
      },
      {
        "road": "3",
        "name": "高一3班",
        "data": "-",
        "class": ""
      },
      {
        "road": "4",
        "name": "高一4班",
        "data": "-",
        "class": ""
      },
      {
        "road": "5",
        "name": "高一5班",
        "data": "-",
        "class": ""
      },
      {
        "road": "6",
        "name": "高一15班",
        "data": "-",
        "class": ""
      }
    ],
    [
      {
        "road": "1",
        "name": "高一13班",
        "data": "-",
        "class": ""
      },
      {
        "road": "2",
        "name": "高一9班",
        "data": "-",
        "class": ""
      },
      {
        "road": "3",
        "name": "高一2班",
        "data": "-",
        "class": ""
      },
      {
        "road": "4",
        "name": "高一16班",
        "data": "-",
        "class": ""
      },
      {
        "road": "5",
        "name": "高一12班",
        "data": "-",
        "class": ""
      },
      {
        "road": "6",
        "name": "高一14班",
        "data": "-",
        "class": ""
      }
    ],
    [
      {
        "road": "1",
        "name": "高一6班",
        "data": "-",
        "class": ""
      },
      {
        "road": "2",
        "name": "高一8班",
        "data": "-",
        "class": ""
      },
      {
        "road": "3",
        "name": "高一17班",
        "data": "-",
        "class": ""
      },
      {
        "road": "4",
        "name": "高一1班",
        "data": "-",
        "class": ""
      },
      {
        "road": "5",
        "name": "高一7班",
        "data": "-",
        "class": ""
      }
    ]
  ]
}