{
  "name": "高一男子组 铅球 预决赛",
  "players": [
    [
      {
        "road": "1",
        "name": "吴哲绮",
        "data": "-",
        "class": "-"
      },
      {
        "road": "2",
        "name": "陈嘉禾",
        "data": "-",
        "class": "-"
      },
      {
        "road": "3",
        "name": "叶文辰",
        "data": "-",
        "class": "-"
      },
      {
        "road": "4",
        "name": "陈祖可",
        "data": "-",
        "class": "-"
      },
      {
        "road": "5",
        "name": "林友凡",
        "data": "-",
        "class": "-"
      },
      {
        "road": "6",
        "name": "王跃翔",
        "data": "-",
        "class": "-"
      },
      {
        "road": "7",
        "name": "陈恩霖",
        "data": "-",
        "class": "-"
      },
      {
        "road": "8",
        "name": "张宏勋",
        "data": "-",
        "class": "-"
      },
      {
        "road": "9",
        "name": "严旭辉",
        "data": "-",
        "class": "-"
      },
      {
        "road": "10",
        "name": "黄天昊",
        "data": "-",
        "class": "-"
      },
      {
        "road": "11",
        "name": "林乔木",
        "data": "-",
        "class": "-"
      },
      {
        "road": "12",
        "name": "王鸿涛",
        "data": "-",
        "class": "-"
      },
      {
        "road": "13",
        "name": "陈天鸿",
        "data": "-",
        "class": "-"
      },
      {
        "road": "14",
        "name": "陈星池",
        "data": "-",
        "class": "-"
      },
      {
        "road": "15",
        "name": "王家淇",
        "data": "-",
        "class": "-"
      },
      {
        "road": "16",
        "name": "鄢润涛",
        "data": "-",
        "class": "-"
      },
      {
        "road": "17",
        "name": "林善耀",
        "data": "-",
        "class": "-"
      },
      {
        "road": "18",
        "name": "林子涵",
        "data": "-",
        "class": "-"
      },
      {
        "road": "19",
        "name": "肖鑫海",
        "data": "-",
        "class": "-"
      },
      {
        "road": "20",
        "name": "胡竣皓",
        "data": "-",
        "class": "-"
      }
    ]
  ]
}