{
  "name": "高二男子组  跳远  预决赛",
  "players": [
    [
      {
        "road": "1",
        "name": "彭宣然",
        "data": "-",
        "class": "-"
      },
      {
        "road": "2",
        "name": "吴起弦",
        "data": "-",
        "class": "-"
      },
      {
        "road": "3",
        "name": "鄢仁盛",
        "data": "-",
        "class": "-"
      },
      {
        "road": "4",
        "name": "郑宇轩",
        "data": "-",
        "class": "-"
      },
      {
        "road": "5",
        "name": "李毅丞",
        "data": "-",
        "class": "-"
      },
      {
        "road": "6",
        "name": "魏才智",
        "data": "-",
        "class": "-"
      },
      {
        "road": "7",
        "name": "陈俊昊",
        "data": "-",
        "class": "-"
      },
      {
        "road": "8",
        "name": "黄君灏",
        "data": "-",
        "class": "-"
      },
      {
        "road": "9",
        "name": "薛柏炀",
        "data": "-",
        "class": "-"
      },
      {
        "road": "10",
        "name": "杨展滔",
        "data": "-",
        "class": "-"
      },
      {
        "road": "11",
        "name": "陈禹锟",
        "data": "-",
        "class": "-"
      },
      {
        "road": "12",
        "name": "曾伟豪",
        "data": "-",
        "class": "-"
      },
      {
        "road": "13",
        "name": "陈诗宇",
        "data": "-",
        "class": "-"
      },
      {
        "road": "14",
        "name": "陈良俊",
        "data": "-",
        "class": "-"
      },
      {
        "road": "15",
        "name": "吴柏贤",
        "data": "-",
        "class": "-"
      },
      {
        "road": "16",
        "name": "李智昕",
        "data": "-",
        "class": "-"
      },
      {
        "road": "17",
        "name": "龚正轩",
        "data": "-",
        "class": "-"
      },
      {
        "road": "18",
        "name": "陈伟豪",
        "data": "-",
        "class": "-"
      },
      {
        "road": "19",
        "name": "王辰楠",
        "data": "-",
        "class": "-"
      },
      {
        "road": "20",
        "name": "欧鑫桐",
        "data": "-",
        "class": "-"
      },
      {
        "road": "21",
        "name": "林子焜",
        "data": "-",
        "class": "-"
      },
      {
        "road": "22",
        "name": "刘宸睿",
        "data": "-",
        "class": "-"
      },
      {
        "road": "23",
        "name": "欧阳行远",
        "data": "-",
        "class": "-"
      },
      {
        "road": "24",
        "name": "陈子和",
        "data": "-",
        "class": "-"
      },
      {
        "road": "25",
        "name": "孙境远",
        "data": "-",
        "class": "-"
      },
      {
        "road": "26",
        "name": "陈墨轩",
        "data": "-",
        "class": "-"
      },
      {
        "road": "27",
        "name": "郑皓桐",
        "data": "-",
        "class": "-"
      }
    ]
  ]
}