{
  "name": "高一女子组  跳高  预决赛",
  "players": [
    [
      {
        "road": "1",
        "name": "陈琳烨",
        "data": "-",
        "class": "-"
      },
      {
        "road": "2",
        "name": "郑偌霖",
        "data": "-",
        "class": "-"
      },
      {
        "road": "3",
        "name": "陈笑潇",
        "data": "-",
        "class": "-"
      },
      {
        "road": "4",
        "name": "林梦菲",
        "data": "-",
        "class": "-"
      }
    ]
  ]
}